Cases1998	CasesPerThousand1998	Population1998	Cases1999	CasesPerThousand1999	Population1999	Cases2000	CasesPerThousand2000	Population2000	Cases2001	CasesPerThousand2001	Population2001	Cases2002	CasesPerThousand2002	Population2002	Cases2003	CasesPerThousand2003	Population2003	Cases2004	CasesPerThousand2004	Population2004	Cases2005	CasesPerThousand2005	Population2005	Cases2006	CasesPerThousand2006	Population2006	Cases2007	CasesPerThousand2007	Population2007	Cases2008	CasesPerThousand2008	Population2008	Cases2009	CasesPerThousand2009	Population2009	Cases2010	CasesPerThousand2010	Population2010	Cases2011	CasesPerThousand2011	Population2011	Cases2012	CasesPerThousand2012	Population2012	Cases2013	CasesPerThousand2013	Population2013	Cases2014	CasesPerThousand2014	Population2014
Ale	0	0	28423	1	0.0356201467550046	28074	0	0	27842	1	0.0362621024767016	27577	0	0	27442	1	0.036504344016938	27394	1	0.0365992021373934	27323	1	0.0369112653181751	27092	2	0.0746268656716418	26800	1	0.0378716152243893	26405	4	0.152160681679854	26288	1	0.0384718962797676	25993	0	0	25835	1	0.0390731840737702	25593	1	0.0393375555642972	25421	0	0	25329	0	0	25292
Alingsås	0	0	39188	0	0	38619	0	0	38355	0	0	38053	1	0.0264578262249974	37796	0	0	37515	0	0	37247	1	0.0272190315468576	36739	1	0.027411529289219	36481	2	0.0555401277422938	36010	0	0	35761	0	0	35530	0	0	35327	0	0	35257	0	0	35153	0	0	34963	0	0	34930
Alvesta	1	0.0512741629492899	19503	1	0.0518672199170124	19280	0	0	19034	0	0	18917	1	0.0531858312945431	18802	0	0	18757	0	0	18775	0	0	18776	0	0	18741	0	0	18684	1	0.0530082162735224	18865	0	0	18879	0	0	18930	0	0	18957	0	0	18916	0	0	19035	0	0	19171
Aneby	0	0	6426	0	0	6375	0	0	6407	0	0	6415	0	0	6393	0	0	6446	0	0	6523	0	0	6506	0	0	6551	0	0	6576	0	0	6624	0	0	6666	1	0.150806816468104	6631	0	0	6686	0	0	6682	0	0	6799	0	0	6806
Arboga	1	0.0733621891277236	13631	0	0	13493	0	0	13353	0	0	13302	0	0	13285	1	0.0751766651631334	13302	0	0	13301	0	0	13369	0	0	13391	0	0	13380	0	0	13406	2	0.147994672191801	13514	0	0	13574	0	0	13616	0	0	13870	0	0	14036	0	0	14070
Arjeplog	0	0	2907	0	0	2980	0	0	3054	0	0	3114	0	0	3161	0	0	3143	0	0	3146	0	0	3089	0	0	3151	0	0	3159	0	0	3224	0	0	3259	0	0	3291	0	0	3313	0	0	3384	0	0	3455	0	0	3517
Arvidsjaur	0	0	6484	0	0	6471	0	0	6467	0	0	6494	0	0	6529	0	0	6622	0	0	6665	0	0	6751	0	0	6791	0	0	6814	0	0	6894	0	0	6948	0	0	7017	0	0	7129	0	0	7148	0	0	7233	0	0	7401
Arvika	0	0	25771	0	0	25817	0	0	25829	1	0.0385996062840159	25907	1	0.0384113082891603	26034	1	0.0383141762452107	26100	0	0	26176	0	0	26250	0	0	26131	0	0	26265	0	0	26275	0	0	26302	0	0	26262	0	0	26192	0	0	26188	0	0	26353	0	0	26490
Askersund	0	0	11119	0	0	11096	0	0	11011	0	0	11134	0	0	11278	0	0	11307	0	0	11386	0	0	11394	0	0	11470	0	0	11461	0	0	11477	0	0	11539	0	0	11449	0	0	11483	0	0	11530	0	0	11621	0	0	11809
Avesta	0	0	22022	0	0	21582	0	0	21467	0	0	21486	0	0	21583	0	0	21762	0	0	21937	0	0	21886	1	0.045531120520876	21963	0	0	21954	1	0.0452447742285766	22102	0	0	22249	0	0	22296	1	0.0447828034034931	22330	0	0	22375	0	0	22714	0	0	22897
Bengtsfors	0	0	9556	1	0.104712041884817	9550	0	0	9588	0	0	9680	0	0	9791	0	0	9841	0	0	9897	0	0	9957	0	0	10080	0	0	10225	0	0	10335	0	0	10436	0	0	10516	0	0	10685	1	0.091776798825257	10896	0	0	11032	0	0	11204
Berg	0	0	7067	0	0	7160	0	0	7215	0	0	7345	0	0	7352	0	0	7447	0	0	7533	0	0	7586	0	0	7592	0	0	7696	0	0	7779	0	0	7865	0	0	7949	0	0	8053	0	0	8175	0	0	8272	0	0	8274
Bjurholm	0	0	2451	0	0	2436	0	0	2421	0	0	2431	0	0	2460	0	0	2500	0	0	2516	0	0	2549	0	0	2541	0	0	2553	0	0	2588	0	0	2575	0	0	2608	0	0	2639	0	0	2695	0	0	2746	0	0	2786
Bjuv	1	0.0671411306566402	14894	0	0	14801	3	0.201802771424728	14866	0	0	14851	0	0	14841	3	0.202524809289138	14813	0	0	14613	0	0	14470	0	0	14199	0	0	14007	0	0	13892	1	0.0724112961622013	13810	2	0.14626298083955	13674	0	0	13659	1	0.0729660707770887	13705	0	0	13702	0	0	13756
Boden	2	0.0717180048051063	27887	0	0	27838	0	0	27598	2	0.0723510472814094	27643	5	0.182010119762659	27471	0	0	27408	3	0.108952242600327	27535	1	0.0359221208420145	27838	0	0	28002	0	0	28176	0	0	28277	1	0.0354433968951584	28214	0	0	28268	0	0	28380	0	0	28679	0	0	28872	0	0	29195
Bollebygd	1	0.115580212667591	8652	0	0	8562	0	0	8507	0	0	8356	0	0	8375	0	0	8253	0	0	8232	0	0	8193	0	0	8179	0	0	8086	0	0	7973	0	0	7891	0	0	7831	1	0.126742712294043	7890	1	0.126839167935058	7884	0	0	7894	0	0	7912
Bollnäs	0	0	26394	0	0	26141	0	0	26158	0	0	26193	0	0	26248	0	0	26175	0	0	26189	0	0	26217	0	0	26278	0	0	26237	0	0	26249	0	0	26213	0	0	26210	0	0	26455	0	0	26735	0	0	27075	0	0	27295
Borgholm	0	0	10681	0	0	10619	0	0	10768	0	0	10622	0	0	10676	0	0	10806	0	0	10855	0	0	10933	0	0	10983	0	0	11067	0	0	11133	0	0	11147	0	0	11162	0	0	11228	0	0	11288	0	0	11319	0	0	11369
Borlänge	1	0.0197180321403924	50715	4	0.0799632169202167	50023	1	0.0202093690634978	49482	0	0	49323	1	0.0203041562607866	49251	1	0.0205418951952507	48681	2	0.0415066929542389	48185	0	0	47756	1	0.0210974915082597	47399	1	0.0212824823887458	46987	2	0.0425640589086575	46988	1	0.0213133272235129	46919	0	0	47049	0	0	46962	1	0.0211837478286658	47206	1	0.0210788136843658	47441	0	0	47838
Borås	6	0.0560632393339687	107022	6	0.0566064437001745	105995	3	0.0286076649470281	104867	2	0.0192111885962384	104106	4	0.0387244176815691	103294	2	0.0195201936403209	102458	1	0.00985347877067999	101487	3	0.0297073822844977	100985	10	0.0997794873329941	100221	4	0.040271834885477	99325	0	0	98886	0	0	98505	1	0.0101884870096791	98150	0	0	97347	0	0	96883	2	0.0207593780490337	96342	0	0	96106
Botkyrka	1	0.0112484673963173	88901	4	0.0456725279744234	87580	2	0.0231819551660987	86274	1	0.0118095822950742	84677	0	0	82608	0	0	81195	3	0.0374742364624321	80055	0	0	79031	1	0.0128944076953825	77553	2	0.0261123877167328	76592	1	0.0131873928524331	75830	4	0.0530278926715452	75432	3	0.0398851308232291	75216	7	0.0944019635608421	74151	9	0.123124068019207	73097	2	0.0277188751680457	72153	0	0	70949
Boxholm	0	0	5322	0	0	5278	0	0	5206	0	0	5205	0	0	5221	0	0	5248	0	0	5260	0	0	5223	0	0	5226	0	0	5242	0	0	5287	0	0	5308	1	0.189000189000189	5291	0	0	5327	0	0	5334	0	0	5411	0	0	5447
Bromölla	0	0	12400	0	0	12336	0	0	12250	0	0	12366	0	0	12272	0	0	12285	0	0	12200	0	0	12181	0	0	12145	0	0	12098	0	0	12080	0	0	11994	0	0	12022	0	0	11992	0	0	12085	0	0	12115	0	0	12140
Bräcke	0	0	6463	0	0	6559	0	0	6655	0	0	6750	0	0	6885	0	0	6865	0	0	7009	0	0	7109	1	0.138850319355735	7202	0	0	7192	0	0	7282	0	0	7359	0	0	7406	0	0	7400	0	0	7577	0	0	7744	0	0	7864
Burlöv	0	0	17211	1	0.0584316933504733	17114	2	0.117570983481277	17011	1	0.0593718458706881	16843	0	0	16701	1	0.0605730207765461	16509	0	0	16230	0	0	15952	0	0	15662	2	0.130548302872063	15320	0	0	15295	0	0	15257	0	0	15326	0	0	15264	2	0.132996409096954	15038	1	0.0681059728938228	14683	0	0	14549
Båstad	0	0	14419	1	0.0700525394045534	14275	0	0	14263	0	0	14230	0	0	14278	0	0	14269	0	0	14203	0	0	14242	0	0	14170	0	0	14044	0	0	14022	0	0	14088	0	0	14009	0	0	14011	0	0	14090	0	0	14189	0	0	14158
Dals-Ed	0	0	4764	0	0	4740	0	0	4665	0	0	4679	0	0	4692	0	0	4729	0	0	4788	0	0	4835	0	0	4900	0	0	4891	0	0	4941	0	0	5014	0	0	5044	0	0	5040	0	0	5047	0	0	4974	0	0	5045
Danderyd	0	0	32295	0	0	32222	0	0	31960	0	0	31799	0	0	31330	0	0	31150	0	0	30851	0	0	30789	0	0	30492	0	0	30226	0	0	30100	1	0.0334627225271048	29884	2	0.0672155940178121	29755	0	0	29632	1	0.0338180588434224	29570	1	0.0337427453097584	29636	0	0	29639
Degerfors	0	0	9531	1	0.105263157894737	9500	0	0	9477	0	0	9551	1	0.103723680116171	9641	0	0	9709	0	0	9839	0	0	9903	0	0	10014	1	0.0990785693054592	10093	0	0	10106	0	0	10181	1	0.0970308558121483	10306	0	0	10433	0	0	10544	0	0	10746	0	0	10907
Dorotea	0	0	2757	0	0	2757	0	0	2794	0	0	2862	0	0	2878	0	0	2900	0	0	2914	0	0	2993	0	0	3069	0	0	3082	0	0	3156	0	0	3226	0	0	3247	0	0	3294	0	0	3353	0	0	3364	0	0	3441
Eda	0	0	8453	0	0	8426	0	0	8496	0	0	8460	1	0.11731581417175	8524	0	0	8577	0	0	8653	0	0	8649	0	0	8670	0	0	8601	0	0	8646	0	0	8662	0	0	8670	0	0	8649	0	0	8664	0	0	8689	0	0	8781
Ekerö	0	0	26698	0	0	26355	0	0	26160	0	0	25767	0	0	25410	0	0	25095	0	0	24779	0	0	24687	0	0	24301	0	0	24010	0	0	23594	0	0	23311	4	0.174398325776073	22936	0	0	22626	1	0.0449115242971346	22266	5	0.22786309984961	21943	2	0.0936022838957271	21367
Eksjö	0	0	16598	0	0	16464	0	0	16368	0	0	16304	0	0	16244	0	0	16353	0	0	16312	1	0.0608457560085184	16435	1	0.0605473480261565	16516	0	0	16575	0	0	16571	0	0	16656	0	0	16761	0	0	16812	0	0	16868	0	0	16910	0	0	17116
Emmaboda	0	0	9009	0	0	8964	0	0	8991	0	0	9039	0	0	9187	0	0	9223	0	0	9331	0	0	9383	0	0	9436	0	0	9543	0	0	9643	0	0	9659	0	0	9690	0	0	9750	0	0	9772	0	0	9811	0	0	9971
Enköping	2	0.0485873235672813	41163	0	0	40656	1	0.0247837616793477	40349	2	0.0499812570286143	40015	0	0	39759	4	0.101626016260163	39360	0	0	38978	1	0.0257944696657037	38768	1	0.0259834745102115	38486	0	0	38422	0	0	38211	0	0	38005	1	0.0265625415039711	37647	0	0	37181	0	0	36606	2	0.0552562508633789	36195	2	0.0553694526729603	36121
Eskilstuna	2	0.0198170882752197	100923	2	0.0200543472811319	99729	0	0	98765	5	0.0512316078527809	97596	2	0.0207660599516151	96311	7	0.0732393776745451	95577	3	0.0316505776230416	94785	5	0.0535658806766442	93343	8	0.0867208672086721	92250	7	0.0763900256452229	91635	4	0.0438750438750439	91168	5	0.0551304386177696	90694	8	0.0888010744930014	90089	2	0.0224378751332249	89135	3	0.0339335806714324	88408	3	0.0340375320520094	88138	1	0.0113601508628035	88027
Eslöv	4	0.124304670748003	32179	0	0	31920	0	0	31744	0	0	31728	0	0	31587	2	0.0639611116441204	31269	4	0.128522314686888	31123	0	0	30775	1	0.0328547491539902	30437	0	0	30087	0	0	29740	0	0	29400	0	0	28985	0	0	28703	0	0	28487	0	0	28212	0	0	28299
Essunga	0	0	5538	0	0	5494	0	0	5502	0	0	5493	0	0	5564	0	0	5601	0	0	5625	0	0	5638	0	0	5651	0	0	5717	0	0	5750	0	0	5736	0	0	5757	0	0	5818	0	0	5835	0	0	5847	0	0	5857
Fagersta	0	0	13133	0	0	12872	0	0	12634	0	0	12553	0	0	12443	1	0.0816393174953057	12249	2	0.163039047851961	12267	0	0	12183	0	0	12202	1	0.0814995925020375	12270	0	0	12231	0	0	12334	0	0	12325	0	0	12270	0	0	12381	0	0	12583	0	0	12773
Falkenberg	1	0.0235665637593383	42433	1	0.0238595151746516	41912	2	0.0482823552132873	41423	2	0.0484214603912454	41304	1	0.0243854857588763	41008	2	0.0490930067011954	40739	0	0	40451	1	0.0248979185340106	40164	0	0	39874	0	0	39605	0	0	39438	0	0	39145	0	0	38896	1	0.0258264462809917	38720	0	0	38817	0	0	38894	0	0	39061
Falköping	0	0	32185	0	0	31988	1	0.031556691596453	31689	1	0.031556691596453	31689	0	0	31513	0	0	31419	2	0.0637978882898976	31349	0	0	31311	1	0.0320102432778489	31240	1	0.0320666987333654	31185	0	0	31148	1	0.0322778477131145	30981	0	0	30896	0	0	30921	1	0.0322507820814655	31007	0	0	31331	0	0	31524
Falun	0	0	56896	0	0	56767	1	0.0177204423022399	56432	0	0	56124	2	0.035686246520591	56044	0	0	55685	1	0.0180841636978498	55297	0	0	55220	0	0	55267	0	0	55274	0	0	54994	0	0	55010	0	0	54841	0	0	54601	0	0	54426	0	0	54489	0	0	54576
Filipstad	0	0	10613	0	0	10563	0	0	10549	1	0.0951112801978315	10514	0	0	10562	0	0	10626	0	0	10682	0	0	10782	0	0	10952	0	0	11017	1	0.0902445627650934	11081	0	0	11121	1	0.0894614421184469	11178	0	0	11389	0	0	11598	0	0	11893	1	0.0826173165895572	12104
Finspång	1	0.0472813238770686	21150	0	0	20903	0	0	20791	1	0.0481625969272263	20763	1	0.0481997397214055	20747	0	0	20733	1	0.0485696245568022	20589	1	0.0483021784282471	20703	0	0	20812	0	0	20888	0	0	20993	0	0	21052	3	0.141456054319125	21208	0	0	21279	0	0	21477	0	0	21678	0	0	22043
Flen	0	0	16242	0	0	16156	0	0	16019	0	0	16063	1	0.0623908160718742	16028	3	0.18588512299399	16139	3	0.185954255253208	16133	0	0	16191	0	0	16222	0	0	16412	0	0	16534	1	0.0601359071501594	16629	1	0.0605326876513317	16520	0	0	16411	1	0.0603682463024449	16565	0	0	16726	1	0.0591505974210339	16906
Forshaga	0	0	11379	0	0	11292	0	0	11311	0	0	11229	0	0	11266	0	0	11401	0	0	11415	0	0	11444	0	0	11466	0	0	11515	0	0	11460	0	0	11452	1	0.0871535645807913	11474	0	0	11485	0	0	11589	0	0	11651	0	0	11775
Färgelanda	0	0	6502	0	0	6520	0	0	6549	0	0	6606	0	0	6654	0	0	6691	0	0	6744	0	0	6770	0	0	6779	0	0	6824	0	0	6886	0	0	6841	2	0.288225969159821	6939	0	0	6956	0	0	7020	2	0.282246683601468	7086	0	0	7177
Gagnef	0	0	10024	0	0	10023	0	0	10012	0	0	10069	0	0	10097	0	0	10071	0	0	10107	0	0	10111	0	0	10080	0	0	10131	0	0	10091	0	0	10059	0	0	10008	0	0	10050	0	0	10075	0	0	10168	0	0	10271
Gislaved	0	0	28737	0	0	28713	0	0	28732	0	0	28868	1	0.034351276149909	29111	0	0	29212	0	0	29380	0	0	29330	2	0.0681965424352985	29327	1	0.0339109498457052	29489	0	0	29750	0	0	29956	1	0.0333600213504137	29976	1	0.033103813559322	30208	0	0	30407	0	0	30408	0	0	30366
Gnesta	0	0	10513	0	0	10409	0	0	10442	0	0	10345	3	0.28957528957529	10360	0	0	10318	0	0	10179	0	0	10031	0	0	9981	0	0	9958	1	0.100654252642174	9935	0	0	10002	0	0	9813	1	0.102585145670907	9748	0	0	9768	0	0	9743	0	0	9653
Gnosjö	0	0	9509	0	0	9406	0	0	9354	0	0	9400	1	0.104755918709407	9546	0	0	9536	0	0	9658	0	0	9657	0	0	9598	0	0	9753	0	0	9810	0	0	9926	0	0	9997	0	0	10191	0	0	10280	0	0	10266	0	0	10355
Gotland	1	0.0174657235175967	57255	1	0.0174944455135494	57161	1	0.0174699952831013	57241	0	0	57308	0	0	57269	4	0.0699044057251708	57221	1	0.0175426285874675	57004	0	0	57122	1	0.0174529207462869	57297	2	0.0347898691900918	57488	0	0	57661	0	0	57535	0	0	57381	0	0	57412	0	0	57313	2	0.0348262171762903	57428	0	0	57643
Grums	0	0	8958	0	0	8925	0	0	8939	0	0	9017	0	0	9091	0	0	9142	1	0.108108108108108	9250	0	0	9302	0	0	9332	0	0	9408	0	0	9423	0	0	9379	0	0	9312	0	0	9418	0	0	9551	0	0	9673	0	0	9825
Grästorp	0	0	5630	0	0	5641	0	0	5639	0	0	5674	0	0	5776	0	0	5857	0	0	5851	0	0	5831	0	0	5809	0	0	5762	0	0	5794	0	0	5835	2	0.341997264021888	5848	0	0	5900	0	0	5924	0	0	5970	0	0	5985
Gullspång	0	0	5240	0	0	5185	0	0	5221	0	0	5251	0	0	5291	0	0	5335	0	0	5371	0	0	5425	0	0	5506	0	0	5595	0	0	5653	0	0	5726	0	0	5765	0	0	5866	0	0	5911	0	0	5974	0	0	6119
Gällivare	0	0	18231	0	0	18339	0	0	18307	1	0.0545672814580378	18326	0	0	18425	1	0.0539578049964927	18533	0	0	18703	1	0.0530222693531283	18860	0	0	18959	0	0	19077	3	0.156217454696938	19204	2	0.103890706976261	19251	1	0.0514933058702369	19420	0	0	19680	0	0	20037	1	0.0487709715177526	20504	0	0	20987
Gävle	0	0	98314	2	0.0205685137191987	97236	2	0.0207965061869606	96170	0	0	95428	1	0.0105202251328178	95055	4	0.0423944378497541	94352	2	0.0213883155632078	93509	1	0.0107896979963531	92681	4	0.0432825484764543	92416	2	0.0216907976790846	92205	0	0	92081	0	0	91701	1	0.0109557824619834	91276	3	0.0328828384466147	91233	3	0.0330607656873333	90742	3	0.0331671291638567	90451	7	0.0776871427778703	90105
Göteborg	20	0.0369586709661921	541145	21	0.0393796024910411	533271	25	0.0475204765733555	526089	23	0.0441989799644102	520374	22	0.042822301075813	513751	22	0.0433642796601817	507330	30	0.0599763693104917	500197	28	0.0567373587138451	493502	48	0.0980077875354513	489757	39	0.080421988608947	484942	17	0.0353129349203382	481410	16	0.033468952317202	478055	15	0.0315842003196321	474921	22	0.0466826660894992	471267	12	0.0256964817233774	466990	12	0.0259476290353969	462470	6	0.0130550291235941	459593
Götene	0	0	13080	0	0	13028	0	0	13092	0	0	13134	0	0	13223	0	0	13186	0	0	13085	0	0	13056	0	0	12959	0	0	12879	0	0	12950	1	0.0769704433497537	12992	1	0.0770238003543095	12983	0	0	12970	0	0	13016	0	0	13095	0	0	13255
Habo	0	0	11110	0	0	10975	0	0	10879	0	0	10828	0	0	10741	0	0	10674	0	0	10526	0	0	10375	0	0	10122	0	0	9842	0	0	9758	0	0	9568	0	0	9584	0	0	9471	0	0	9578	0	0	9587	0	0	9577
Hagfors	0	0	11921	0	0	12071	0	0	12170	0	0	12282	0	0	12480	0	0	12636	0	0	12804	0	0	12993	0	0	13127	0	0	13337	0	0	13496	2	0.146541617819461	13648	0	0	13797	1	0.0718236012353659	13923	1	0.0711288142826659	14059	0	0	14400	0	0	14562
Hallsberg	0	0	15315	1	0.0655007532586625	15267	0	0	15283	1	0.0655823714585519	15248	0	0	15275	0	0	15235	0	0	15256	1	0.0654964631909877	15268	0	0	15287	1	0.0652954619653934	15315	0	0	15401	0	0	15589	0	0	15651	0	0	15627	0	0	15685	0	0	15775	0	0	15951
Hallstahammar	0	0	15596	1	0.0644163875289874	15524	1	0.0651635605369477	15346	0	0	15224	0	0	15175	0	0	15127	0	0	15014	0	0	15040	0	0	15042	0	0	14955	0	0	15038	1	0.0664937828313053	15039	0	0	14986	0	0	15052	0	0	15064	0	0	15189	1	0.0649055624066983	15407
Halmstad	6	0.0628061801281246	95532	5	0.0531439989796352	94084	2	0.0214520921152835	93231	3	0.0325048215485297	92294	5	0.0544662309368192	91800	2	0.0219570300921097	91087	3	0.0332443124522113	90241	0	0	89727	0	0	88958	1	0.0113347841857091	88224	1	0.0113728121552616	87929	3	0.0343359428649911	87372	1	0.0115493445746954	86585	3	0.0349886869912062	85742	6	0.0704225352112676	85200	8	0.0943240502747188	84814	0	0	84538
Hammarö	0	0	15256	0	0	15136	0	0	15061	0	0	14943	0	0	14926	0	0	14833	0	0	14655	0	0	14547	0	0	14489	0	0	14374	0	0	14390	0	0	14307	0	0	14237	0	0	14121	0	0	14162	0	0	14141	1	0.0704771301712594	14189
Haninge	3	0.0364046743601878	82407	1	0.0123560519942668	80932	0	0	79430	1	0.0127671526696116	78326	1	0.0129779115944662	77054	0	0	76237	1	0.0133390246505176	74968	1	0.0135688892507259	73698	2	0.0274137836504194	72956	2	0.0278408062697496	71837	1	0.014014434867914	71355	2	0.0280202306064979	71377	1	0.0141039745000141	70902	1	0.0141980917764652	70432	3	0.0430762161851703	69644	1	0.0145751348199971	68610	3	0.044271294492651	67764
Haparanda	0	0	9776	1	0.101153145862836	9886	0	0	9904	0	0	10041	0	0	10059	0	0	10112	0	0	10173	0	0	10192	0	0	10214	0	0	10184	1	0.0979623824451411	10208	0	0	10346	0	0	10334	0	0	10384	0	0	10412	0	0	10495	0	0	10580
Heby	0	0	13490	0	0	13450	0	0	13364	0	0	13381	0	0	13382	0	0	13355	0	0	13407	0	0	13492	0	0	13530	0	0	13634	0	0	13771	1	0.0729341404711545	13711	0	0	13725	0	0	13739	0	0	13653	0	0	13616	0	0	13672
Hedemora	0	0	15085	0	0	15021	0	0	15064	0	0	15119	0	0	15164	0	0	15195	0	0	15259	0	0	15301	1	0.0650195058517555	15380	0	0	15494	1	0.0644911647104347	15506	0	0	15555	0	0	15584	0	0	15749	1	0.0630636312038847	15857	1	0.0620809535634467	16108	0	0	16249
Helsingborg	7	0.0517200614729873	135344	2	0.0150388377986149	132989	7	0.0530258842066191	132011	12	0.0918653254329153	130626	19	0.147085007392957	129177	19	0.148022343583231	128359	27	0.213011029237736	126754	12	0.0960107532043589	124986	16	0.129671202457269	123389	6	0.0491553472825286	122062	8	0.066018039429274	121179	1	0.00832265259583534	120154	1	0.00837478853658945	119406	1	0.00843796408802484	118512	9	0.0764415604270535	117737	0	0	116870	5	0.0429785880674248	116337
Herrljunga	0	0	9376	0	0	9274	0	0	9282	0	0	9284	0	0	9314	0	0	9348	0	0	9280	2	0.214961306964746	9304	0	0	9243	1	0.107469102632993	9305	0	0	9417	1	0.105932203389831	9440	0	0	9486	0	0	9471	0	0	9447	0	0	9456	0	0	9536
Hjo	0	0	8885	0	0	8805	0	0	8832	0	0	8790	0	0	8841	0	0	8859	0	0	8809	0	0	8809	0	0	8853	0	0	8849	0	0	8822	0	0	8844	0	0	8845	0	0	8827	0	0	8787	0	0	8801	0	0	8928
Hofors	0	0	9431	0	0	9511	0	0	9521	0	0	9578	0	0	9741	0	0	9873	1	0.101050929668553	9896	0	0	10039	0	0	10091	0	0	10197	0	0	10237	0	0	10338	0	0	10372	0	0	10501	0	0	10624	0	0	10780	1	0.0910166560480568	10987
Huddinge	0	0	104185	1	0.00975067523425997	102557	0	0	101010	0	0	99049	0	0	97453	1	0.0104386312866657	95798	0	0	94209	0	0	91827	0	0	90182	0	0	88750	0	0	87681	3	0.0344348664501096	87121	5	0.0578322171715419	86457	4	0.0466744457409568	85700	5	0.0591470988348022	84535	2	0.0241341860745746	82870	3	0.0368826762069856	81339
Hudiksvall	0	0	36924	0	0	36829	0	0	36821	0	0	36784	1	0.0271377785014519	36849	0	0	36848	0	0	36905	0	0	36927	0	0	36956	0	0	37004	0	0	36970	0	0	37057	1	0.026992010364932	37048	2	0.0536365586783952	37288	0	0	37454	0	0	37556	0	0	37753
Hultsfred	0	0	13738	0	0	13635	0	0	13550	0	0	13515	0	0	13696	0	0	13855	1	0.0711946461626086	14046	0	0	14196	0	0	14306	0	0	14456	0	0	14591	0	0	14739	0	0	14893	0	0	14977	0	0	15163	0	0	15275	0	0	15656
Hylte	0	0	10278	0	0	10001	0	0	10032	0	0	10126	0	0	10177	0	0	10277	1	0.0973425484279178	10273	0	0	10257	0	0	10371	0	0	10368	0	0	10432	0	0	10377	0	0	10401	0	0	10493	0	0	10479	1	0.0953743443013829	10485	0	0	10559
Håbo	0	0	20034	0	0	19968	0	0	19883	0	0	19715	1	0.050945030312293	19629	1	0.0514085955171705	19452	8	0.416124837451235	19225	0	0	18931	1	0.0536567044052154	18637	0	0	18569	0	0	18378	0	0	18115	0	0	17864	0	0	17648	0	0	17468	0	0	17287	1	0.0583464612871229	17139
Hällefors	0	0	6936	0	0	6982	0	0	6988	0	0	7140	0	0	7220	0	0	7333	0	0	7361	0	0	7475	0	0	7539	0	0	7627	0	0	7688	0	0	7712	0	0	7794	0	0	7879	0	0	8025	0	0	8095	0	0	8252
Härjedalen	0	0	10224	0	0	10281	0	0	10246	0	0	10341	0	0	10454	0	0	10585	0	0	10645	0	0	10699	0	0	10764	0	0	10889	0	0	10951	0	0	11065	0	0	11289	0	0	11327	0	0	11415	0	0	11594	0	0	11723
Härnösand	0	0	24755	0	0	24509	1	0.040986966144766	24398	1	0.0407481357727884	24541	1	0.0406322376173256	24611	0	0	24675	1	0.0404596212979446	24716	2	0.0802503811893106	24922	2	0.0797448165869219	25080	2	0.0792801363618345	25227	0	0	25273	0	0	25272	1	0.0396935656730044	25193	0	0	25227	0	0	25493	0	0	25950	1	0.0379290726341741	26365
Härryda	0	0	36291	0	0	35732	0	0	35223	0	0	34854	0	0	34463	0	0	34007	0	0	33580	0	0	32969	0	0	32395	0	0	32049	0	0	31676	0	0	31208	0	0	30844	0	0	30547	0	0	30276	0	0	29842	0	0	29473
Hässleholm	0	0	50565	3	0.0597288311067752	50227	1	0.0199350118613321	50163	1	0.0199346144645563	50164	1	0.0199572913964117	50107	2	0.0399712207210808	50036	0	0	50006	1	0.0200883889112093	49780	1	0.020250703711954	49381	0	0	49148	4	0.0817243845132291	48945	0	0	48787	0	0	48536	0	0	48519	0	0	48580	0	0	48803	0	0	49046
Höganäs	0	0	25298	0	0	25084	0	0	24863	0	0	24698	1	0.0405893574704712	24637	0	0	24480	0	0	24248	1	0.0415541242468315	24065	0	0	23857	0	0	23482	2	0.0864491030905554	23135	0	0	23003	0	0	22790	1	0.043988914793472	22733	0	0	22639	0	0	22658	0	0	22612
Högsby	0	0	5782	0	0	5718	0	0	5730	0	0	5768	0	0	5777	0	0	5873	0	0	5930	0	0	5931	0	0	6033	0	0	6066	0	0	6244	0	0	6348	0	0	6300	0	0	6349	0	0	6380	0	0	6544	0	0	6717
Hörby	0	0	14927	1	0.0670376080981431	14917	0	0	14958	0	0	14901	0	0	14840	0	0	14762	2	0.135528901538253	14757	0	0	14584	0	0	14540	0	0	14274	0	0	14216	0	0	14051	0	0	13949	0	0	13774	0	0	13742	0	0	13773	0	0	13760
Höör	1	0.0634115409004439	15770	1	0.0639508857197672	15637	0	0	15526	0	0	15492	0	0	15460	0	0	15261	1	0.0664937828313053	15039	0	0	14924	0	0	14777	0	0	14604	0	0	14520	0	0	14278	0	0	14169	0	0	14088	1	0.0715512306811677	13976	0	0	13807	0	0	13765
Jokkmokk	0	0	5086	0	0	5066	0	0	5086	0	0	5119	0	0	5170	0	0	5210	1	0.188501413760603	5305	0	0	5406	0	0	5491	0	0	5534	0	0	5599	0	0	5633	0	0	5782	1	0.16849199663016	5935	0	0	6019	0	0	6146	0	0	6305
Järfälla	2	0.0282881430248511	70701	5	0.0722888082467072	69167	1	0.0146606069491277	68210	2	0.029708853238265	67320	0	0	66211	2	0.0306302167087832	65295	1	0.0155388081734131	64355	0	0	63427	6	0.0962433030701614	62342	8	0.129569343893235	61743	4	0.0649730361899812	61564	7	0.113871130414979	61473	1	0.0163158753467124	61290	4	0.0654321795459007	61132	2	0.0330737047510377	60471	3	0.0498438226889081	60188	1	0.0167115092163973	59839
Jönköping	1	0.00756773119418798	132140	5	0.0382268842031224	130798	3	0.0231699593753379	129478	2	0.0155878570593508	128305	3	0.0235512081769795	127382	1	0.00791571348283478	126331	4	0.0319606245106029	125154	8	0.0646678899675852	123709	5	0.0409185393718186	122194	0	0	120965	2	0.016676811727134	119927	3	0.0251382604323781	119340	4	0.0337322167969574	118581	2	0.016964103956029	117896	1	0.0085400742986464	117095	3	0.0257856013202228	116344	1	0.00862835103583354	115897
Kalix	0	0	16307	1	0.0610239824250931	16387	1	0.0605400169512047	16518	1	0.0602736423362064	16591	0	0	16740	0	0	16926	0	0	17162	1	0.0578603251750275	17283	0	0	17396	0	0	17483	1	0.0566475953095791	17653	0	0	17702	0	0	17805	0	0	17847	1	0.0555709919422062	17995	0	0	18143	1	0.0543242068665798	18408
Kalmar	1	0.0154616859422351	64676	2	0.0313052733732997	63887	0	0	63671	0	0	63055	0	0	62815	1	0.0160287234724627	62388	0	0	61693	1	0.0162514423155055	61533	0	0	61321	3	0.0492416781563916	60924	1	0.0164883180266781	60649	1	0.0165521807498138	60415	0	0	60066	2	0.0334520882466088	59787	0	0	59308	2	0.0338283549270999	59122	1	0.0170044891851449	58808
Karlsborg	0	0	6786	0	0	6757	0	0	6699	0	0	6722	0	0	6752	0	0	6784	0	0	6790	0	0	6850	0	0	6880	0	0	6898	0	0	6905	0	0	6923	0	0	6967	0	0	7038	0	0	7100	0	0	7198	0	0	7322
Karlshamn	0	0	31598	0	0	31272	0	0	31132	0	0	31185	0	0	31143	0	0	30918	0	0	30959	0	0	31052	0	0	31179	0	0	31006	0	0	30847	0	0	30779	0	0	30739	0	0	30648	0	0	30741	2	0.0650279620236702	30756	0	0	30995
Karlskoga	0	0	30054	0	0	29728	0	0	29631	0	0	29616	0	0	29668	1	0.0336224867191177	29742	1	0.033476164970541	29872	0	0	29988	0	0	30159	0	0	30185	0	0	30343	0	0	30532	1	0.0326797385620915	30600	0	0	30832	0	0	31293	0	0	31530	0	0	32006
Karlskrona	2	0.0310809970783863	64348	2	0.0312930279133809	63912	1	0.0157008054513197	63691	0	0	64215	1	0.0156171914042979	64032	2	0.0315746266300401	63342	0	0	62804	1	0.0160415797747762	62338	1	0.0161697173533407	61844	0	0	61383	1	0.0163567070677331	61137	1	0.0164319634553133	60857	0	0	60676	0	0	60596	0	0	60564	0	0	60396	0	0	60429
Karlstad	1	0.0113186191284663	88350	3	0.0341740140796938	87786	0	0	86929	3	0.0347186057007951	86409	2	0.0233227992023603	85753	1	0.0118013595166163	84736	4	0.0476224492225635	83994	0	0	83641	1	0.0120659282318589	82878	1	0.0121808614305204	82096	0	0	81768	1	0.012293620840146	81343	1	0.0123557466577705	80934	2	0.024768415316788	80748	1	0.0124497341981749	80323	1	0.0125023441895355	79985	3	0.0376581642900181	79664
Katrineholm	3	0.0901767464229891	33268	0	0	32930	0	0	32549	1	0.0308556265234966	32409	1	0.0308375477981991	32428	0	0	32303	2	0.0620983016114509	32207	3	0.0932777812325104	32162	0	0	32029	0	0	32185	0	0	32258	0	0	32418	0	0	32381	0	0	32391	0	0	32370	0	0	32527	1	0.0305586114166972	32724
Kil	0	0	11885	0	0	11810	0	0	11782	0	0	11682	1	0.085426277122843	11706	0	0	11717	0	0	11674	0	0	11748	1	0.0847242226552571	11803	0	0	11813	0	0	11844	1	0.0840972163821378	11891	0	0	11892	0	0	11924	0	0	11912	0	0	11937	0	0	12025
Kinda	0	0	9795	0	0	9802	0	0	9744	0	0	9799	1	0.102438024994878	9762	1	0.101926409132606	9811	0	0	9885	0	0	9947	0	0	9918	0	0	9946	0	0	9953	0	0	9981	0	0	10014	0	0	10096	0	0	10129	0	0	10105	0	0	10247
Kiruna	0	0	23241	0	0	23196	0	0	22972	0	0	22967	0	0	22944	0	0	22969	0	0	23099	0	0	23122	0	0	23258	0	0	23135	0	0	23254	0	0	23407	3	0.127361494374867	23555	0	0	23849	0	0	24314	0	0	24834	0	0	25148
Klippan	0	0	16733	1	0.0598265031408914	16715	0	0	16660	0	0	16601	0	0	16515	3	0.183127823220608	16382	3	0.183643486777669	16336	0	0	16254	1	0.0620886626102074	16106	0	0	16048	1	0.0625078134766846	15998	0	0	15963	0	0	15745	1	0.0645661157024793	15488	0	0	15541	0	0	15660	1	0.0630437523641407	15862
Knivsta	1	0.0620925178515989	16105	0	0	15580	0	0	15279	0	0	14965	0	0	14724	0	0	14477	0	0	14259	0	0	13954	0	0	13597	0	0	13324	0	0	13059	1	0.0779970361126277	12821	NA	NA	NA	NA	NA	NA	NA	NA	NA	NA	NA	NA	NA	NA	NA
Kramfors	0	0	18435	0	0	18450	0	0	18516	0	0	18742	0	0	18911	0	0	19214	0	0	19473	0	0	19663	0	0	19816	0	0	20107	0	0	20383	0	0	20508	0	0	20711	0	0	20951	2	0.0935366195865681	21382	1	0.0457268279299465	21869	2	0.0895535754264989	22333
Kristianstad	0	0	81826	1	0.0123443074226321	81009	0	0	80507	0	0	79930	0	0	79543	0	0	78788	1	0.0128242943432038	77977	0	0	77245	1	0.0130650640188137	76540	2	0.0263452545610222	75915	2	0.0264578262249974	75592	0	0	75294	0	0	74951	0	0	74518	1	0.0134841763190895	74161	0	0	73897	0	0	73854
Kristinehamn	0	0	24114	0	0	23949	1	0.0421425260230098	23729	1	0.0421976538104481	23698	0	0	23808	0	0	23963	1	0.0417397111611988	23958	0	0	23906	0	0	23848	1	0.0418427549269844	23899	0	0	23990	1	0.0417606280798463	23946	1	0.0417310019613571	23963	0	0	23969	0	0	24297	0	0	24731	0	0	25057
Krokom	0	0	14648	0	0	14643	0	0	14590	0	0	14559	0	0	14535	1	0.0691562932226833	14460	0	0	14324	0	0	14304	0	0	14270	0	0	14130	0	0	14126	0	0	14088	0	0	14005	1	0.0711895778458034	14047	0	0	14154	0	0	14221	0	0	14279
Kumla	0	0	21016	1	0.0478377344048986	20904	3	0.144661973189314	20738	0	0	20510	0	0	20456	2	0.098941327792619	20214	0	0	20157	1	0.0503727584122507	19852	0	0	19643	1	0.0513531556514148	19473	0	0	19383	0	0	19279	0	0	19105	0	0	18935	0	0	18983	0	0	18932	0	0	18778
Kungsbacka	1	0.012784617548166	78219	0	0	77390	2	0.026046414711015	76786	1	0.0131658635489902	75954	0	0	75025	0	0	73938	3	0.0412791017667456	72676	2	0.0278001723610686	71942	2	0.02815156804234	71044	1	0.0143231591159746	69817	1	0.0145568883195528	68696	0	0	67653	0	0	66573	3	0.0455394143631313	65877	2	0.0307158324758497	65113	2	0.0312031952071892	64096	1	0.0158373190586298	63142
Kungsör	0	0	8269	0	0	8175	0	0	8030	0	0	8086	0	0	8089	0	0	8116	0	0	8170	0	0	8219	0	0	8211	0	0	8303	0	0	8287	0	0	8235	0	0	8222	0	0	8185	0	0	8148	0	0	8155	0	0	8178
Kungälv	3	0.070865025747626	42334	0	0	42109	2	0.047900749646732	41753	0	0	41538	0	0	41241	4	0.0982149434036389	40727	3	0.0745008443429026	40268	6	0.15132790234306	39649	0	0	38899	2	0.0516755807043382	38703	0	0	38257	1	0.0262095717355978	38154	1	0.0263768727579658	37912	1	0.0265950373660275	37601	0	0	37191	0	0	36767	0	0	36615
Kävlinge	0	0	29808	0	0	29600	2	0.0679647942365855	29427	0	0	29261	0	0	29013	0	0	28638	1	0.0353919660237126	28255	1	0.0360412311684567	27746	0	0	27369	0	0	26704	0	0	26024	1	0.0391558009319081	25539	0	0	25191	0	0	24958	0	0	24583	1	0.0413479429398387	24185	1	0.0414198732551878	24143
Köping	2	0.0788146279949559	25376	2	0.0792487221143559	25237	2	0.0804699444757383	24854	1	0.0403112024831701	24807	0	0	24905	1	0.0402463074012959	24847	2	0.0808407437348424	24740	2	0.0811490708431388	24646	2	0.0811062897927734	24659	3	0.121723606264708	24646	2	0.0810471289054585	24677	0	0	24585	0	0	24647	2	0.0808080808080808	24750	1	0.0403828292210152	24763	0	0	24915	0	0	25219
Laholm	0	0	23781	0	0	23517	1	0.0426293801688123	23458	1	0.0426075841499787	23470	1	0.0427533133817871	23390	0	0	23345	0	0	23258	0	0	23189	0	0	23153	0	0	23037	0	0	22955	0	0	22883	0	0	22750	0	0	22749	0	0	22747	0	0	22732	0	0	22847
Landskrona	0	0	43574	3	0.0696492001950178	43073	2	0.0469924812030075	42560	3	0.0711085828059447	42189	6	0.143802128271498	41724	1	0.0242565371367584	41226	3	0.0734214390602056	40860	0	0	40419	2	0.0499775101204458	40018	0	0	39346	0	0	39039	1	0.0258678669356925	38658	0	0	38475	0	0	38297	0	0	37728	0	0	37336	0	0	37254
Laxå	0	0	5664	0	0	5580	0	0	5552	0	0	5622	0	0	5686	0	0	5786	0	0	5870	0	0	5922	0	0	6046	0	0	6136	0	0	6267	0	0	6366	0	0	6471	0	0	6577	1	0.149276011344977	6699	0	0	6770	0	0	6803
Lekeberg	0	0	7363	0	0	7289	0	0	7298	0	0	7223	0	0	7134	0	0	7123	0	0	7111	0	0	7097	0	0	7096	0	0	7081	0	0	7061	0	0	7040	0	0	7027	0	0	7033	1	0.142694063926941	7008	0	0	7002	0	0	7064
Leksand	0	0	15252	0	0	15157	0	0	15146	0	0	15238	0	0	15289	0	0	15303	0	0	15288	0	0	15338	0	0	15450	1	0.0647668393782383	15440	0	0	15504	0	0	15419	0	0	15301	0	0	15313	0	0	15240	0	0	15368	0	0	15479
Lerum	2	0.050287898217294	39771	0	0	39319	0	0	39070	2	0.051562338867691	38788	1	0.0259201658890617	38580	0	0	38301	0	0	38085	4	0.106069846994246	37711	2	0.0539199827456055	37092	2	0.0547855147099107	36506	1	0.0276060070671378	36224	0	0	35890	1	0.0281230665391754	35558	1	0.0283109676688749	35322	1	0.0283977963310047	35214	0	0	35116	0	0	35064
Lessebo	0	0	8256	0	0	8059	0	0	8012	0	0	8077	0	0	8139	0	0	8165	0	0	8085	0	0	8070	0	0	8099	1	0.123046634674542	8127	1	0.121980970968529	8198	0	0	8227	0	0	8255	0	0	8386	0	0	8365	0	0	8433	0	0	8541
Lidingö	0	0	45465	0	0	45178	0	0	44434	0	0	44081	1	0.0227184951268828	44017	0	0	43445	0	0	43111	1	0.0234137204401779	42710	0	0	42321	0	0	41892	0	0	41407	1	0.0242753799096956	41194	0	0	41192	0	0	40895	0	0	40584	0	0	40630	1	0.0247690288063805	40373
Lidköping	2	0.0515982559789479	38761	0	0	38414	0	0	38254	1	0.0261896655579708	38183	0	0	38048	0	0	37989	0	0	37922	1	0.0264739364096047	37773	0	0	37526	0	0	37380	0	0	37241	0	0	37125	0	0	36941	0	0	36808	0	0	36802	0	0	36891	0	0	36833
Lilla Edet	0	0	13031	0	0	12829	0	0	12580	1	0.0797448165869219	12540	0	0	12578	0	0	12773	1	0.0779362481490141	12831	0	0	12835	0	0	12836	0	0	12889	2	0.155014726399008	12902	1	0.0770238003543095	12983	0	0	13010	0	0	12912	0	0	12944	0	0	12917	0	0	12984
Lindesberg	0	0	23269	0	0	23176	1	0.0435179946908046	22979	0	0	23108	0	0	23034	1	0.0434235094880368	23029	2	0.0865838347980432	23099	1	0.0432825484764543	23104	0	0	23074	1	0.0430514895815395	23228	1	0.0429184549356223	23300	1	0.0426584762392287	23442	0	0	23492	0	0	23473	0	0	23525	0	0	23673	0	0	24004
Linköping	2	0.01316820405449	151881	11	0.0732347105897391	150202	5	0.0336652729243676	148521	2	0.0135745992099583	147334	1	0.00682985466069282	146416	4	0.0276453106641786	144690	2	0.0140981087387127	141863	4	0.0284967264385504	140367	4	0.0288641939673835	138580	4	0.0290621639687291	137636	2	0.0146079233376183	136912	3	0.022021419500701	136231	0	0	135066	3	0.0223815456695439	134039	3	0.0225279346389523	133168	2	0.0150943396226415	132500	2	0.0151574862824749	131948
Ljungby	0	0	27522	1	0.0366609231220442	27277	0	0	27423	0	0	27357	0	0	27297	0	0	27410	1	0.0364564345607	27430	0	0	27276	0	0	27121	0	0	27093	0	0	27004	0	0	26897	0	0	26943	0	0	27055	0	0	27078	1	0.0368459837877671	27140	0	0	27376
Ljusdal	0	0	18949	0	0	18931	0	0	18880	0	0	18974	0	0	19065	0	0	19077	0	0	19133	0	0	19175	0	0	19243	0	0	19384	0	0	19592	1	0.0505791310505286	19771	0	0	19776	0	0	19858	0	0	20006	0	0	20147	0	0	20167
Ljusnarsberg	0	0	4913	0	0	4875	0	0	4848	0	0	4870	0	0	4931	0	0	5055	0	0	5129	0	0	5188	0	0	5243	0	0	5317	0	0	5389	0	0	5415	0	0	5482	0	0	5536	0	0	5651	0	0	5755	0	0	5859
Lomma	0	0	22946	0	0	22496	0	0	22298	0	0	22017	0	0	21559	0	0	21065	0	0	20449	0	0	20023	0	0	19434	0	0	18854	0	0	18595	0	0	18311	0	0	18167	0	0	18129	0	0	18044	0	0	17858	0	0	17637
Ludvika	0	0	26030	1	0.0388923459863099	25712	0	0	25639	0	0	25586	0	0	25810	0	0	25650	0	0	25522	0	0	25425	0	0	25477	1	0.0391588675255512	25537	0	0	25782	0	0	26011	0	0	25975	0	0	26131	0	0	26450	0	0	26810	0	0	27129
Luleå	0	0	75966	1	0.0132655903851001	75383	1	0.0133502436419465	74905	6	0.0806169886867493	74426	3	0.0404432581088732	74178	1	0.0135226504394861	73950	4	0.0544914584638858	73406	2	0.0273425751237252	73146	5	0.0682007283837791	73313	5	0.0687275776277989	72751	5	0.068903741473162	72565	3	0.0415299638689314	72237	2	0.0277242545641054	72139	2	0.0277963086502113	71952	2	0.0279126891084687	71652	0	0	71251	0	0	71360
Lund	3	0.0258692052980132	115968	0	0	114291	3	0.0265604249667995	112950	1	0.00895527734493937	111666	5	0.0452537832162769	110488	1	0.00916195589434433	109147	8	0.0745218954644111	107351	4	0.0379917557889938	105286	3	0.0290455628061886	103286	4	0.0391171264558905	102257	2	0.0197193930370823	101423	0	0	100995	0	0	100402	2	0.0200758868523017	99622	6	0.0606379108218458	98948	3	0.0305150948002278	98312	2	0.0204133707578464	97975
Lycksele	0	0	12208	0	0	12270	0	0	12351	0	0	12343	0	0	12376	0	0	12427	0	0	12477	0	0	12503	0	0	12612	0	0	12701	0	0	12785	0	0	12820	0	0	12884	0	0	12988	0	0	13058	0	0	13224	0	0	13386
Lysekil	0	0	14299	0	0	14369	0	0	14396	0	0	14398	0	0	14521	0	0	14535	0	0	14659	1	0.0683386865304449	14633	0	0	14631	0	0	14657	0	0	14767	0	0	14798	0	0	14801	0	0	14792	0	0	14848	0	0	14993	0	0	15165
Malmö	14	0.0440103487191417	318107	6	0.0191696965437037	312994	14	0.0454902878235497	307758	15	0.0495319233245827	302835	7	0.0234142686553186	298963	24	0.0816579281342184	293909	23	0.0802694260736036	286535	15	0.053418613181577	280801	16	0.0579198100230231	276244	15	0.0552952582472878	271271	13	0.0483016400264544	269142	17	0.0636296604047595	267171	11	0.0414342269314942	265481	8	0.0304881534468763	262397	6	0.0231143505445356	259579	10	0.0388237943270672	257574	4	0.0156921821548505	254904
Malung-Sälen	0	0	9969	0	0	10061	0	0	10178	0	0	10262	0	0	10356	0	0	10408	0	0	10385	0	0	10428	0	0	10518	0	0	10513	1	0.0947238798901203	10557	0	0	10538	0	0	10593	0	0	10640	0	0	10799	1	0.091533180778032	10925	0	0	10972
Malå	0	0	3115	0	0	3155	0	0	3196	0	0	3230	0	0	3274	0	0	3295	0	0	3369	0	0	3338	0	0	3348	0	0	3421	0	0	3464	1	0.28587764436821	3498	0	0	3553	0	0	3579	0	0	3610	0	0	3723	0	0	3821
Mariestad	0	0	23921	0	0	23870	0	0	23739	1	0.0421371987190292	23732	0	0	23741	0	0	23799	0	0	23825	0	0	23871	0	0	23933	0	0	23895	0	0	23897	0	0	23847	1	0.0421176767889483	23743	0	0	23725	0	0	23800	1	0.0417553968850474	23949	0	0	24020
Mark	1	0.029509841532151	33887	1	0.0296269961188635	33753	0	0	33763	0	0	33791	0	0	33845	0	0	33821	0	0	33807	0	0	33729	1	0.0297672203369649	33594	0	0	33494	0	0	33356	1	0.0301041603949666	33218	0	0	33015	0	0	32954	0	0	32951	0	0	33024	1	0.0301868566426178	33127
Markaryd	0	0	9549	0	0	9515	0	0	9477	0	0	9513	0	0	9619	0	0	9559	0	0	9600	0	0	9641	0	0	9613	0	0	9571	0	0	9636	0	0	9594	1	0.104004160166407	9615	0	0	9716	0	0	9798	0	0	9927	0	0	10039
Mellerud	0	0	8936	0	0	8892	0	0	8946	1	0.110277900308778	9068	0	0	9179	0	0	9261	0	0	9442	0	0	9553	0	0	9623	0	0	9638	3	0.308388157894737	9728	0	0	9792	0	0	9807	0	0	9781	0	0	9902	0	0	9999	0	0	10065
Mjölby	0	0	26428	0	0	26313	1	0.0381752242794426	26195	0	0	26073	0	0	25856	0	0	25770	0	0	25654	0	0	25535	1	0.0394508442480669	25348	0	0	25258	2	0.0789702282239596	25326	0	0	25191	1	0.0397566890629348	25153	1	0.0396652254968069	25211	1	0.0397503676909011	25157	0	0	25286	0	0	25587
Mora	0	0	20006	0	0	19998	0	0	20082	0	0	20107	0	0	20153	0	0	20146	0	0	20153	0	0	20143	0	0	20159	0	0	20212	0	0	20083	1	0.0497685761210372	20093	1	0.0499400719137036	20024	0	0	20014	0	0	20132	0	0	20246	0	0	20398
Motala	0	0	42556	0	0	42187	1	0.0238851601499988	41867	1	0.0239074304293775	41828	3	0.0715051841258491	41955	0	0	41843	3	0.0715085929492527	41953	0	0	42060	0	0	41959	3	0.071578545523955	41912	1	0.0237744282250012	42062	0	0	42015	0	0	42078	1	0.0237146651489281	42168	0	0	42175	1	0.0237073563926887	42181	1	0.0235604561304307	42444
Mullsjö	0	0	7109	0	0	7039	0	0	7070	0	0	7034	0	0	7033	0	0	7027	0	0	7086	0	0	7046	0	0	7075	0	0	7087	0	0	7101	1	0.140272127928181	7129	0	0	7124	1	0.140488901376791	7118	0	0	7071	0	0	7175	0	0	7245
Munkedal	0	0	10243	0	0	10205	0	0	10173	0	0	10223	0	0	10181	0	0	10246	0	0	10245	0	0	10256	0	0	10246	0	0	10284	0	0	10318	0	0	10405	0	0	10434	0	0	10504	0	0	10532	0	0	10568	0	0	10633
Munkfors	0	0	3656	0	0	3656	0	0	3642	0	0	3702	0	0	3771	0	0	3793	0	0	3814	0	0	3880	0	0	3936	0	0	3995	0	0	4039	0	0	4075	0	0	4086	0	0	4138	0	0	4162	0	0	4204	0	0	4344
Mölndal	1	0.0158914297519348	62927	2	0.0322695149891897	61978	1	0.0162182325370181	61659	1	0.0163033731679084	61337	0	0	60973	0	0	60381	1	0.0167190530328362	59812	0	0	59430	2	0.0339339645050731	58938	2	0.0343441975478243	58234	1	0.0173154176478737	57752	0	0	57523	0	0	57079	0	0	56743	0	0	56137	1	0.0179992080348465	55558	0	0	55224
Mönsterås	0	0	13057	0	0	12949	0	0	12799	1	0.0778028475842216	12853	0	0	12909	0	0	12980	0	0	12956	0	0	13114	0	0	13111	1	0.0763184003663283	13103	1	0.0756086496295176	13226	0	0	13256	0	0	13220	0	0	13240	0	0	13227	0	0	13275	0	0	13371
Mörbylånga	0	0	14498	0	0	14368	0	0	14256	1	0.0707313622860376	14138	0	0	14021	0	0	13834	0	0	13737	0	0	13608	0	0	13520	0	0	13405	0	0	13403	0	0	13481	0	0	13430	0	0	13410	0	0	13442	0	0	13488	0	0	13568
Nacka	2	0.0207863475269443	96217	1	0.0105906399923747	94423	0	0	92873	1	0.0109151239958086	91616	0	0	90108	0	0	88085	1	0.0116739239560594	85661	1	0.0118619740697247	84303	2	0.0242656604506133	82421	3	0.0373845751243037	80247	0	0	78715	1	0.0129082225377565	77470	0	0	76624	0	0	75741	1	0.0133379571584816	74974	3	0.0405536930896507	73976	5	0.068465951882129	73029
Nora	0	0	10352	0	0	10399	0	0	10356	0	0	10429	1	0.0957212596917776	10447	2	0.193367494924103	10343	0	0	10375	0	0	10447	1	0.0954016409082236	10482	0	0	10472	0	0	10523	1	0.0947687642153146	10552	0	0	10515	0	0	10456	0	0	10465	0	0	10420	0	0	10510
Norberg	0	0	5719	1	0.178316690442225	5608	0	0	5630	0	0	5725	0	0	5723	0	0	5730	0	0	5749	0	0	5788	0	0	5843	0	0	5866	0	0	5949	0	0	5930	0	0	5876	0	0	5928	0	0	5939	0	0	6087	0	0	6182
Nordanstig	0	0	9493	0	0	9491	0	0	9533	0	0	9533	1	0.10404744563521	9611	0	0	9646	0	0	9736	0	0	9813	0	0	9810	0	0	9847	0	0	9872	0	0	9971	0	0	10021	0	0	10097	0	0	10282	0	0	10510	0	0	10748
Nordmaling	0	0	7085	0	0	7006	0	0	7039	0	0	7048	0	0	7098	0	0	7205	0	0	7276	0	0	7390	0	0	7426	0	0	7470	0	0	7511	0	0	7616	0	0	7573	0	0	7660	0	0	7663	0	0	7767	0	0	7873
Norrköping	1	0.00739191177014111	135283	4	0.029906765658061	133749	6	0.0454118858042445	132124	2	0.0153112392151459	130623	6	0.0461361014994233	130050	3	0.0232101134200876	129254	8	0.0624707168514759	128060	0	0	126680	1	0.00797047735188861	125463	2	0.0160459556168868	124642	3	0.0241138172172655	124410	0	0	123971	3	0.0243303082650057	123303	5	0.0406848066657987	122896	3	0.0245501190680775	122199	10	0.0818250253657579	122212	1	0.00816893354572561	122415
Norrtälje	0	0	57568	0	0	56845	2	0.0353144754034679	56634	3	0.0533380744955107	56245	0	0	56080	3	0.0536413539077726	55927	2	0.036017864860971	55528	2	0.0362154821186057	55225	0	0	54836	1	0.0183163601729064	54596	2	0.036787698193724	54366	1	0.0185113196719794	54021	1	0.0186212803992403	53702	0	0	53286	0	0	52611	0	0	52103	0	0	51552
Norsjö	0	0	4180	0	0	4175	0	0	4172	0	0	4237	0	0	4304	0	0	4361	0	0	4363	0	0	4380	0	0	4437	0	0	4466	0	0	4483	0	0	4478	0	0	4541	0	0	4642	0	0	4689	0	0	4804	0	0	4850
Nybro	0	0	19714	0	0	19489	0	0	19486	0	0	19636	0	0	19651	0	0	19576	0	0	19557	0	0	19643	0	0	19680	0	0	19775	0	0	19882	0	0	19968	0	0	19871	1	0.0505510059650187	19782	0	0	19785	0	0	19905	0	0	20126
Nykvarn	0	0	9815	0	0	9523	0	0	9442	0	0	9331	0	0	9331	0	0	9227	0	0	9035	0	0	8926	0	0	8609	0	0	8354	0	0	8328	0	0	8269	0	0	8204	0	0	8090	0	0	8052	0	0	7876	NA	NA	NA
Nyköping	1	0.0186887941989983	53508	1	0.0188544062747464	53038	0	0	52336	1	0.0192693078464622	51896	1	0.0193633335915111	51644	1	0.0195278173758519	51209	1	0.0196182292586271	50973	0	0	50760	0	0	50191	0	0	49816	2	0.0403429147755925	49575	1	0.0202502936292576	49382	0	0	49310	1	0.0202950906175796	49273	0	0	49063	0	0	49070	0	0	49000
Nynäshamn	0	0	27041	1	0.0373190028362442	26796	1	0.0376335992774349	26572	0	0	26248	0	0	26032	1	0.0387882549164113	25781	0	0	25499	0	0	25353	0	0	24992	0	0	24648	0	0	24670	1	0.0406718997844389	24587	1	0.0407697325505545	24528	0	0	24332	2	0.0834550385979553	23965	0	0	23408	0	0	23341
Nässjö	1	0.0334369879961213	29907	0	0	29516	0	0	29382	2	0.0681036537610243	29367	0	0	29339	0	0	29489	2	0.0677713395005252	29511	0	0	29461	1	0.0340495079846096	29369	0	0	29314	0	0	29377	0	0	29337	0	0	29341	1	0.0340599455040872	29360	0	0	29495	0	0	29607	0	0	29799
Ockelbo	0	0	5765	0	0	5785	0	0	5850	0	0	5907	0	0	5936	0	0	5982	0	0	6027	0	0	5985	0	0	6038	0	0	6051	0	0	6047	0	0	5991	0	0	6101	1	0.162946064852534	6137	0	0	6189	0	0	6222	0	0	6256
Olofström	0	0	13031	0	0	12902	0	0	12896	0	0	12876	0	0	12988	1	0.0763242253091131	13102	0	0	13167	0	0	13198	0	0	13355	0	0	13391	0	0	13524	0	0	13541	0	0	13637	0	0	13803	0	0	14005	0	0	14241	0	0	14505
Orsa	0	0	6812	0	0	6849	0	0	6835	0	0	6867	0	0	6922	0	0	6934	0	0	6990	0	0	7091	0	0	7026	0	0	7020	0	0	7031	0	0	7053	0	0	7015	0	0	6979	0	0	6986	0	0	7040	0	0	7150
Orust	0	0	15054	0	0	15036	0	0	15083	0	0	15129	0	0	15221	0	0	15308	0	0	15327	0	0	15373	0	0	15185	0	0	15188	0	0	15160	0	0	15160	0	0	15113	0	0	15087	0	0	15023	0	0	15056	0	0	15133
Osby	0	0	12828	0	0	12713	0	0	12637	1	0.0787463579809434	12699	0	0	12724	0	0	12656	0	0	12648	0	0	12623	0	0	12634	0	0	12600	0	0	12625	0	0	12707	0	0	12637	0	0	12735	1	0.0784806152880239	12742	0	0	12925	0	0	13100
Oskarshamn	0	0	26301	0	0	26212	0	0	26144	0	0	26166	0	0	26163	1	0.0381213784690454	26232	0	0	26309	0	0	26294	0	0	26244	0	0	26247	0	0	26300	1	0.0380908848512551	26253	0	0	26161	0	0	26213	0	0	26349	0	0	26504	0	0	26769
Ovanåker	0	0	11432	0	0	11354	0	0	11392	1	0.0876885303402315	11404	0	0	11440	0	0	11530	0	0	11647	0	0	11795	0	0	11816	0	0	11873	0	0	11985	0	0	12051	0	0	12193	0	0	12333	0	0	12491	0	0	12623	0	0	12801
Oxelösund	0	0	11551	0	0	11403	0	0	11236	1	0.0888888888888889	11250	0	0	11193	0	0	11126	0	0	11170	0	0	11148	0	0	11111	0	0	11134	0	0	11273	0	0	11299	0	0	11183	0	0	10983	0	0	10866	0	0	10973	0	0	11188
Pajala	0	0	6303	0	0	6299	0	0	6279	0	0	6270	0	0	6282	0	0	6309	0	0	6429	0	0	6522	1	0.149521531100478	6688	0	0	6798	0	0	6925	0	0	7053	0	0	7206	0	0	7319	0	0	7480	0	0	7647	0	0	7779
Partille	3	0.0821287779237845	36528	0	0	36147	0	0	35837	0	0	35518	1	0.0285030213202599	35084	1	0.0290849863300564	34382	1	0.0295840482811668	33802	3	0.0890234131576605	33699	3	0.0892485273992979	33614	0	0	33543	0	0	33281	1	0.0301277416244878	33192	0	0	33088	2	0.0603463882686621	33142	0	0	33124	0	0	33000	1	0.030572625271332	32709
Perstorp	0	0	7174	0	0	7139	0	0	7096	1	0.139684313451599	7159	0	0	7061	0	0	6983	0	0	6972	0	0	6930	1	0.144969556393157	6898	1	0.145222189950624	6886	0	0	6893	0	0	6805	0	0	6789	1	0.149320591309542	6697	0	0	6745	0	0	6808	0	0	6921
Piteå	0	0	41508	0	0	41278	0	0	41078	1	0.024424796052953	40942	0	0	40892	0	0	40860	0	0	40902	0	0	40961	0	0	40943	3	0.0733980867565386	40873	0	0	40830	0	0	40662	0	0	40531	0	0	40451	2	0.0495503307484578	40363	1	0.0247500247500248	40404	0	0	40458
Ragunda	0	0	5440	0	0	5458	0	0	5466	0	0	5501	0	0	5590	0	0	5609	0	0	5681	0	0	5747	0	0	5806	0	0	5796	1	0.169664065151001	5894	0	0	5948	0	0	6079	0	0	6148	0	0	6313	0	0	6489	0	0	6540
Robertsfors	0	0	6724	0	0	6738	0	0	6717	0	0	6762	0	0	6831	0	0	6880	0	0	6900	0	0	6909	1	0.142938822184105	6996	0	0	7066	0	0	7106	0	0	7082	1	0.139508928571429	7168	0	0	7274	0	0	7307	0	0	7355	0	0	7439
Ronneby	1	0.0354346054356685	28221	0	0	27871	0	0	27788	0	0	27910	0	0	28254	2	0.0703828828828829	28416	1	0.0351012671557443	28489	0	0	28491	0	0	28443	0	0	28358	0	0	28283	0	0	28287	0	0	28472	0	0	28574	0	0	28634	1	0.0347487664187921	28778	0	0	28909
Rättvik	0	0	10748	0	0	10766	0	0	10799	0	0	10859	0	0	10811	0	0	10797	0	0	10850	0	0	10883	0	0	10884	0	0	10886	0	0	10864	0	0	10827	0	0	10898	0	0	10856	0	0	10847	0	0	10897	0	0	11044
Sala	0	0	21925	0	0	21769	0	0	21596	0	0	21568	0	0	21535	0	0	21499	1	0.0468055230517201	21365	1	0.0467027834858958	21412	0	0	21360	0	0	21446	1	0.0463951006773685	21554	1	0.0459939288013982	21742	0	0	21663	0	0	21535	0	0	21548	1	0.0464468183929401	21530	0	0	21748
Salem	0	0	16140	1	0.0624960939941254	16001	0	0	15881	0	0	15694	0	0	15391	0	0	15313	0	0	15177	0	0	15065	1	0.0679578661230037	14715	0	0	14334	0	0	14127	0	0	14057	0	0	13875	0	0	13839	0	0	13766	0	0	13474	0	0	13176
Sandviken	1	0.0264319509422991	37833	3	0.0805369127516779	37250	0	0	37089	0	0	36995	0	0	36916	1	0.0270431067120991	36978	2	0.0542314054068711	36879	0	0	36804	1	0.0272123652987918	36748	2	0.0545107658762606	36690	1	0.0271480928464775	36835	0	0	36817	0	0	36765	1	0.0271702214373047	36805	0	0	37064	1	0.0266588467382901	37511	1	0.0263817438332674	37905
Sigtuna	1	0.0226834524214585	44085	1	0.0230563497187125	43372	2	0.0473126419379258	42272	1	0.0241960850734351	41329	3	0.0750187546886722	39990	2	0.050995690864122	39219	2	0.0521213384759721	38372	1	0.0264599264414045	37793	2	0.0540891389009087	36976	0	0	36711	2	0.0550630471890314	36322	3	0.0832685688908627	36028	0	0	35771	0	0	35518	0	0	35001	0	0	34766	0	0	34295
Simrishamn	0	0	18905	0	0	18951	0	0	18997	0	0	19147	1	0.0518215266621755	19297	0	0	19328	2	0.103327133705311	19356	0	0	19306	0	0	19418	1	0.0514800514800515	19425	0	0	19470	0	0	19499	1	0.0515304544986087	19406	0	0	19381	0	0	19303	0	0	19511	0	0	19697
Sjöbo	0	0	18415	0	0	18401	0	0	18290	0	0	18143	0	0	18112	0	0	18153	1	0.0552699939203007	18093	0	0	18015	3	0.169290672083968	17721	0	0	17501	0	0	17404	1	0.0581429152857724	17199	0	0	17027	0	0	16781	1	0.0600672753483902	16648	0	0	16542	0	0	16606
Skara	0	0	18747	0	0	18580	0	0	18281	0	0	18220	0	0	18314	0	0	18455	1	0.0540015120423372	18518	0	0	18544	0	0	18595	0	0	18578	0	0	18507	0	0	18360	0	0	18311	0	0	18324	0	0	18305	0	0	18341	0	0	18492
Skellefteå	0	0	72024	0	0	71988	1	0.013932621840778	71774	2	0.0279407655769768	71580	1	0.013958487458299	71641	0	0	71770	1	0.0139155603796165	71862	1	0.0138715494520738	72090	1	0.0138954506294639	71966	1	0.0139062717285496	71910	1	0.013930292814755	71786	0	0	71772	0	0	71813	1	0.0138821406260845	72035	2	0.0275953419062862	72476	0	0	73000	0	0	73499
Skinnskatteberg	0	0	4434	0	0	4411	0	0	4392	0	0	4412	1	0.224971878515186	4445	0	0	4567	0	0	4622	0	0	4686	0	0	4752	0	0	4761	0	0	4829	0	0	4857	0	0	4785	0	0	4837	0	0	4855	0	0	4859	0	0	4953
Skurup	0	0	15167	0	0	15025	0	0	14955	0	0	14946	0	0	14981	0	0	14867	0	0	14784	1	0.0676223965377333	14788	0	0	14703	0	0	14415	0	0	14243	0	0	14099	0	0	13949	0	0	13873	0	0	13714	0	0	13638	0	0	13560
Skövde	0	0	53134	0	0	52859	0	0	52212	0	0	51761	0	0	51402	0	0	50984	0	0	50610	1	0.019921509253541	50197	0	0	50153	0	0	49980	1	0.0200577663671374	49856	1	0.0201041394423112	49741	0	0	49405	1	0.0203736527922091	49083	2	0.0405572567071563	49313	1	0.0203342958233356	49178	1	0.0202277646297308	49437
Smedjebacken	0	0	10712	0	0	10691	0	0	10650	0	0	10662	0	0	10715	0	0	10758	0	0	10734	0	0	10715	1	0.0933271115258983	10715	0	0	10812	0	0	10923	0	0	11012	0	0	11157	1	0.0880514220304658	11357	0	0	11598	0	0	11873	0	0	12135
Sollefteå	0	0	19776	2	0.101921214900882	19623	1	0.0506688285366842	19736	0	0	19964	0	0	20255	0	0	20442	0	0	20538	0	0	20679	1	0.0479639311237949	20849	0	0	20976	0	0	21207	0	0	21317	1	0.0467639356528245	21384	1	0.0462449130595634	21624	0	0	21978	0	0	22400	0	0	22854
Sollentuna	0	0	69325	2	0.0293491818915548	68145	0	0	66859	1	0.0151765795025117	65891	0	0	64630	1	0.0157860672170742	63347	1	0.0161038375444869	62097	1	0.0162900939938423	61387	2	0.0330425588157547	60528	0	0	59355	1	0.0169787934869348	58897	3	0.0509476258406358	58884	2	0.0341792702725797	58515	1	0.0171626677650774	58266	2	0.0344542447629548	58048	0	0	57610	0	0	57067
Solna	0	0	74041	2	0.0274951883420401	72740	3	0.0420798675886833	71293	0	0	69946	1	0.0146748062925569	68144	1	0.0149456724805333	66909	1	0.015316515798986	65289	0	0	63318	0	0	61717	0	0	60575	1	0.0169210463975092	59098	0	0	57994	0	0	57585	2	0.0351166751531965	56953	0	0	56605	0	0	55988	0	0	55806
Sorsele	0	0	2565	0	0	2595	0	0	2673	0	0	2729	0	0	2736	0	0	2743	0	0	2733	0	0	2811	0	0	2867	0	0	2905	0	0	2957	0	0	2981	0	0	3046	0	0	3132	0	0	3195	0	0	3244	0	0	3281
Sotenäs	0	0	8931	0	0	8928	0	0	9004	0	0	9007	0	0	9052	0	0	9112	0	0	9170	0	0	9280	0	0	9283	0	0	9311	0	0	9336	0	0	9359	0	0	9467	0	0	9584	0	0	9621	0	0	9614	0	0	9625
Staffanstorp	0	0	22994	1	0.0441072688779111	22672	0	0	22534	0	0	22296	0	0	22259	1	0.0455601621941774	21949	0	0	21667	0	0	21208	0	0	20840	0	0	20602	0	0	20394	2	0.0988239944658563	20238	0	0	20110	0	0	19967	0	0	19815	0	0	19527	0	0	19291
Stenungsund	0	0	25275	0	0	24932	0	0	24868	0	0	24601	0	0	24292	0	0	23983	0	0	23657	0	0	23389	0	0	23190	0	0	22947	0	0	22742	0	0	22291	0	0	21755	0	0	21175	0	0	20679	0	0	20277	0	0	20001
Stockholm	9	0.00986854008107554	911989	12	0.0133674947087	897700	12	0.0136172530596265	881235	7	0.00809881479630324	864324	5	0.00590267898988635	847073	8	0.00964532918905689	829417	11	0.013578235323162	810120	15	0.0188640568034478	795163	26	0.0332104970717283	782885	9	0.011672576448891	771038	10	0.0130711436204976	765044	8	0.0105025330796972	761721	5	0.00659501838691126	758148	6	0.00794756724966488	754948	10	0.0133271495359487	750348	12	0.0161354734349599	743703	11	0.0149433578811949	736113
Storfors	1	0.243546030199708	4106	0	0	4131	0	0	4150	0	0	4218	0	0	4273	0	0	4363	0	0	4383	0	0	4495	0	0	4526	0	0	4542	0	0	4569	0	0	4559	0	0	4605	0	0	4643	0	0	4725	0	0	4807	1	0.205254515599343	4872
Storuman	0	0	5955	0	0	5954	0	0	6006	0	0	6026	0	0	6120	0	0	6227	0	0	6304	0	0	6383	0	0	6432	0	0	6507	0	0	6554	0	0	6595	0	0	6679	0	0	6788	0	0	6934	0	0	7071	0	0	7177
Strängnäs	0	0	33878	2	0.0598999670550181	33389	2	0.0604741170778907	33072	0	0	32687	1	0.0308461087633795	32419	3	0.0936797401948539	32024	0	0	31715	0	0	31435	1	0.032100667693888	31152	0	0	30655	1	0.0327632527357316	30522	0	0	30212	1	0.0333166749958354	30015	3	0.10078613182826	29766	1	0.0337723741979061	29610	1	0.0341635065423115	29271	1	0.0342923768046363	29161
Strömstad	0	0	12694	0	0	12480	1	0.0813338755591704	12295	1	0.0832639467110741	12010	1	0.0846883468834688	11808	1	0.0855431993156544	11690	0	0	11607	2	0.173040318394186	11558	0	0	11569	0	0	11507	2	0.175855095401389	11373	0	0	11233	0	0	11218	0	0	11221	0	0	11102	1	0.0906947215672048	11026	0	0	10917
Strömsund	0	0	11873	0	0	11984	0	0	12138	0	0	12171	0	0	12185	0	0	12286	1	0.0797957229492499	12532	0	0	12679	0	0	12782	0	0	12931	0	0	13112	0	0	13267	0	0	13371	0	0	13643	0	0	13938	0	0	14244	0	0	14575
Sundbyberg	0	0	44090	2	0.0469197203584667	42626	1	0.0245140097565759	40793	0	0	39539	0	0	38633	0	0	37722	1	0.0277169544610438	36079	0	0	35078	0	0	34529	0	0	34016	0	0	33816	0	0	33738	0	0	33797	0	0	33967	0	0	33868	1	0.0299517776380028	33387	0	0	32868
Sundsvall	1	0.0102734800386283	97338	1	0.0103116170677886	96978	0	0	96687	2	0.02080883959506	96113	1	0.0104458279363222	95732	2	0.0209351742329876	95533	1	0.0105313043020378	94955	2	0.021147237642083	94575	0	0	94516	2	0.0212666411466973	94044	0	0	93707	1	0.0107173095266164	93307	0	0	93252	1	0.010738255033557	93125	0	0	93126	1	0.010696788823995	93486	2	0.0212940387338565	93923
Sunne	0	0	13099	0	0	13011	0	0	13102	0	0	13142	0	0	13255	0	0	13345	0	0	13473	0	0	13566	1	0.0735781031565006	13591	0	0	13586	0	0	13604	0	0	13586	0	0	13573	0	0	13551	0	0	13619	0	0	13613	0	0	13665
Surahammar	0	0	9918	0	0	9834	0	0	9890	0	0	9871	0	0	9949	0	0	9980	0	0	10062	0	0	10122	0	0	10109	0	0	10196	0	0	10249	1	0.0980392156862745	10200	0	0	10207	0	0	10246	0	0	10340	0	0	10498	1	0.0936417267534413	10679
Svalöv	0	0	13460	0	0	13332	0	0	13275	1	0.0754716981132076	13250	1	0.0755172934602024	13242	0	0	13290	0	0	13184	0	0	13143	0	0	13055	0	0	13012	0	0	12973	0	0	12833	0	0	12705	1	0.0796622321357444	12553	0	0	12562	0	0	12617	0	0	12707
Svedala	1	0.0493875938364283	20248	2	0.0996661185030149	20067	1	0.0500726052776526	19971	0	0	19805	0	0	19822	3	0.152866242038217	19625	0	0	19390	1	0.0522220481487284	19149	1	0.0526648409521803	18988	0	0	18716	1	0.053934523488485	18541	0	0	18269	0	0	18151	0	0	17938	1	0.0558503211393465	17905	0	0	17935	0	0	17971
Svenljunga	0	0	10365	0	0	10299	0	0	10239	0	0	10282	2	0.194401244167963	10288	0	0	10291	0	0	10313	0	0	10431	0	0	10405	0	0	10430	0	0	10468	0	0	10445	0	0	10529	0	0	10536	0	0	10609	0	0	10636	0	0	10818
Säffle	0	0	15334	0	0	15276	0	0	15308	0	0	15394	0	0	15547	0	0	15602	0	0	15784	0	0	15868	1	0.062605647029362	15973	1	0.0621890547263682	16080	0	0	16077	0	0	16244	0	0	16289	0	0	16428	0	0	16639	0	0	16796	0	0	16992
Säter	0	0	10886	0	0	10873	0	0	10851	0	0	10861	0	0	10840	0	0	10900	1	0.0912658574427307	10957	0	0	11000	1	0.0909835319807115	10991	0	0	10989	0	0	10980	0	0	11041	0	0	11043	0	0	11157	0	0	11259	0	0	11316	0	0	11352
Sävsjö	1	0.0900900900900901	11100	1	0.091166013310238	10969	1	0.0922168941350055	10844	0	0	10871	1	0.0923361034164358	10830	0	0	10871	0	0	10883	0	0	10937	0	0	10985	1	0.091000091000091	10989	0	0	10973	1	0.0911743253099927	10968	0	0	10975	0	0	10986	0	0	11049	0	0	11192	0	0	11461
Söderhamn	0	0	25456	0	0	25442	0	0	25223	1	0.0394726454566985	25334	0	0	25647	2	0.0776427656353119	25759	0	0	25987	0	0	26120	0	0	26257	0	0	26506	0	0	26731	0	0	26956	1	0.036697247706422	27250	0	0	27464	0	0	27675	0	0	27842	0	0	28209
Söderköping	0	0	14268	0	0	14195	0	0	14143	0	0	14043	0	0	14024	0	0	14042	0	0	13959	1	0.0713266761768902	14020	1	0.071169311792755	14051	0	0	14025	0	0	14095	0	0	14082	0	0	14009	1	0.0717772035601493	13932	0	0	13936	0	0	13968	0	0	13879
Södertälje	1	0.0108418713069876	92235	1	0.0109803232607168	91072	0	0	89473	3	0.0342133774305753	87685	0	0	86246	1	0.0117274539697432	85270	4	0.0471959694642078	84753	1	0.0119557160278329	83642	2	0.024452568130968	81791	3	0.0372425607984805	80553	3	0.0373111124930042	80405	2	0.0249846968731652	80049	0	0	79613	5	0.0634566083711958	78794	7	0.0898795613877404	77882	10	0.130507412821048	76624	1	0.0131863494910069	75836
Sölvesborg	0	0	16959	0	0	16800	0	0	16808	0	0	16793	0	0	16810	0	0	16813	0	0	16840	1	0.0594494976517448	16821	0	0	16615	0	0	16558	0	0	16544	0	0	16425	0	0	16351	0	0	16396	0	0	16448	0	0	16454	0	0	16576
Tanum	0	0	12346	0	0	12303	0	0	12270	0	0	12320	0	0	12370	0	0	12253	0	0	12271	0	0	12246	0	0	12253	0	0	12252	0	0	12317	0	0	12288	0	0	12210	0	0	12116	0	0	12105	0	0	12069	0	0	12111
Tibro	0	0	10864	0	0	10754	0	0	10673	0	0	10625	0	0	10560	0	0	10611	0	0	10662	0	0	10611	0	0	10671	0	0	10581	0	0	10572	0	0	10640	0	0	10624	0	0	10627	0	0	10576	0	0	10641	0	0	10781
Tidaholm	0	0	12617	0	0	12565	0	0	12556	0	0	12569	0	0	12572	0	0	12632	0	0	12693	0	0	12651	0	0	12653	0	0	12535	1	0.0797257434425576	12543	0	0	12575	0	0	12585	0	0	12620	0	0	12694	0	0	12833	0	0	12874
Tierp	0	0	20245	0	0	20144	0	0	20156	0	0	20077	0	0	20125	0	0	20044	0	0	20153	1	0.049830576041459	20068	1	0.0501429072857644	19943	0	0	20056	1	0.0498479637106824	20061	0	0	20116	0	0	20088	0	0	19891	0	0	19888	0	0	19803	0	0	19883
Timrå	2	0.110957004160888	18025	0	0	18062	1	0.0555648163582819	17997	0	0	18026	0	0	17990	0	0	17902	0	0	17980	0	0	17884	0	0	17870	1	0.0563475516988787	17747	0	0	17859	0	0	17854	0	0	17784	0	0	17790	0	0	17988	0	0	18059	0	0	18254
Tingsryd	0	0	12198	0	0	12156	0	0	12141	0	0	12235	0	0	12231	0	0	12358	0	0	12502	0	0	12600	0	0	12712	0	0	12793	0	0	12892	0	0	13013	0	0	13175	0	0	13258	0	0	13371	0	0	13484	0	0	13692
Tjörn	0	0	15135	0	0	15050	0	0	14974	0	0	14959	0	0	14955	0	0	14961	0	0	14963	0	0	14944	0	0	14954	0	0	15022	0	0	15019	0	0	14891	0	0	14826	0	0	14797	0	0	14733	0	0	14734	0	0	14709
Tomelilla	1	0.0768816790958715	13007	0	0	12891	1	0.077417356971433	12917	1	0.0773395204949729	12930	0	0	12914	0	0	12936	0	0	12816	3	0.234888819292202	12772	0	0	12719	0	0	12682	0	0	12561	0	0	12515	0	0	12447	0	0	12432	0	0	12372	0	0	12434	0	0	12453
Torsby	0	0	11992	0	0	12013	0	0	12219	0	0	12312	0	0	12414	0	0	12508	0	0	12707	0	0	12878	0	0	12946	0	0	12960	1	0.0764175454684396	13086	0	0	13311	0	0	13404	0	0	13552	0	0	13725	0	0	13943	0	0	14142
Torsås	0	0	6925	0	0	6879	0	0	6858	0	0	6886	0	0	6962	0	0	7044	0	0	7076	0	0	7133	0	0	7154	0	0	7240	0	0	7263	0	0	7231	0	0	7293	0	0	7361	0	0	7468	0	0	7540	0	0	7611
Tranemo	0	0	11640	0	0	11531	0	0	11573	0	0	11606	1	0.0863036161215155	11587	0	0	11622	0	0	11721	0	0	11750	0	0	11742	0	0	11804	0	0	11894	0	0	11887	0	0	11988	0	0	12016	0	0	12037	0	0	12026	0	0	12124
Tranås	0	0	18416	0	0	18197	0	0	18145	0	0	18108	0	0	18119	0	0	18043	0	0	18066	0	0	17920	0	0	17765	0	0	17765	0	0	17751	0	0	17709	0	0	17718	1	0.0566764905917026	17644	0	0	17686	0	0	17798	0	0	17866
Trelleborg	0	0	42973	0	0	42837	0	0	42605	0	0	42542	0	0	42219	2	0.0477429519467189	41891	0	0	41558	0	0	41019	0	0	40320	2	0.0502134069796636	39830	1	0.0253312055120703	39477	4	0.102275632830478	39110	0	0	38759	1	0.0259228535877229	38576	0	0	38429	0	0	38226	0	0	38146
Trollhättan	0	0	56929	2	0.0353525533381649	56573	1	0.0179375414805647	55749	0	0	55499	2	0.036200405444541	55248	7	0.127567291746396	54873	3	0.0550590049002514	54487	1	0.0184162062615101	54300	1	0.0185770016719301	53830	1	0.018761022100484	53302	1	0.0188132595853558	53154	0	0	52920	3	0.0566711373897274	52937	1	0.0189311474168449	52823	0	0	52891	0	0	52879	0	0	52795
Trosa	0	0	11864	0	0	11680	0	0	11529	0	0	11493	0	0	11462	0	0	11446	0	0	11362	0	0	11038	0	0	10951	0	0	10831	0	0	10627	0	0	10565	0	0	10514	1	0.0965530559042194	10357	0	0	10197	0	0	10107	0	0	10068
Tyresö	0	0	45390	0	0	44281	0	0	43764	0	0	43328	0	0	42947	0	0	42602	0	0	42332	0	0	42047	0	0	41476	1	0.0243107891282151	41134	0	0	40605	0	0	40097	0	0	39720	0	0	39434	1	0.0255944306518901	39071	0	0	38580	2	0.0525679440677075	38046
Täby	0	0	67334	1	0.0150847764436131	66292	1	0.0152989413132611	65364	0	0	64558	0	0	63789	0	0	63014	0	0	62266	0	0	61633	0	0	61006	0	0	60594	0	0	60422	0	0	60168	0	0	60198	1	0.0166032974148666	60229	0	0	60197	0	0	60300	2	0.0331818030991804	60274
Töreboda	0	0	9072	0	0	8992	0	0	9009	0	0	9063	0	0	9113	0	0	9255	0	0	9256	0	0	9376	0	0	9368	0	0	9470	0	0	9445	0	0	9412	0	0	9426	0	0	9490	0	0	9642	0	0	9626	0	0	9828
Uddevalla	0	0	53517	2	0.0377180575200377	53025	0	0	52530	1	0.0191732494823223	52156	1	0.0192797100331611	51868	0	0	51518	0	0	51186	3	0.0589147895760099	50921	0	0	50507	0	0	50314	0	0	50068	1	0.0200517334723587	49871	0	0	49683	0	0	49255	1	0.0204202487186294	48971	0	0	48816	1	0.0204210827258061	48969
Ulricehamn	0	0	23244	1	0.0430830209814312	23211	0	0	23015	0	0	22996	1	0.0437866713372449	22838	1	0.043950248318903	22753	0	0	22706	1	0.0443616360571378	22542	1	0.044571224817258	22436	1	0.0446807559983915	22381	0	0	22342	0	0	22319	0	0	22299	0	0	22257	0	0	22284	0	0	22286	0	0	22344
Umeå	2	0.016720590571259	119613	0	0	118349	0	0	117294	0	0	116465	1	0.00866003308132637	115473	4	0.0350646504492658	114075	4	0.0354836420410191	112728	4	0.0357874582852439	111771	2	0.0179799523531263	111235	2	0.0180573863738962	110758	4	0.0365664137489716	109390	8	0.0741310451550729	107917	0	0	106525	3	0.0285697960116565	105006	5	0.0478413962033068	104512	9	0.0865634317591613	103970	5	0.0483012452061014	103517
Upplands Väsby	1	0.0239142911804094	41816	1	0.0241260344037251	41449	0	0	40723	0	0	40194	1	0.0254524167069663	39289	0	0	38641	2	0.0522903158335076	38248	1	0.0262777558796479	38055	0	0	37848	1	0.0265787795024452	37624	1	0.0266545832555908	37517	0	0	37397	1	0.0267065484456789	37444	2	0.0532992218313613	37524	1	0.0266127315307643	37576	1	0.0269425584653519	37116	0	0	36789
Upplands-Bro	0	0	25287	0	0	24703	0	0	24353	0	0	23984	0	0	23676	0	0	23202	0	0	22682	0	0	22221	1	0.0462149921434513	21638	2	0.093777840296338	21327	1	0.0468427955780401	21348	0	0	21252	0	0	21162	0	0	21076	2	0.0957946163425615	20878	0	0	20728	0	0	20495
Uppsala	2	0.00964496870207656	207362	7	0.0341132266726446	205199	3	0.0148056755089451	202625	3	0.014999925000375	200001	7	0.0353916081441146	197787	10	0.0513476182407279	194751	8	0.041957748547213	190668	4	0.0213286694642771	187541	4	0.0215997883220744	185187	12	0.0654635913326205	183308	7	0.038445484303258	182076	1	0.00553498386552203	180669	2	0.0111313330327873	179673	1	0.0052325885615614	191110	3	0.0158253722918832	189569	5	0.0265282950795318	188478	3	0.0160169138610373	187302
Uppvidinge	0	0	9222	0	0	9288	0	0	9276	0	0	9216	0	0	9244	0	0	9320	0	0	9347	0	0	9484	0	0	9508	1	0.10564124234101	9466	0	0	9514	0	0	9553	0	0	9580	1	0.103241792277514	9686	0	0	9807	0	0	9912	0	0	9992
Vadstena	0	0	7393	0	0	7383	0	0	7338	0	0	7317	0	0	7391	0	0	7420	0	0	7475	0	0	7536	0	0	7541	0	0	7527	0	0	7562	0	0	7582	0	0	7629	0	0	7628	0	0	7668	0	0	7662	0	0	7703
Vaggeryd	0	0	13229	0	0	13209	1	0.076057195010648	13148	1	0.0759878419452888	13160	1	0.0769763682549457	12991	0	0	12959	0	0	12981	0	0	12939	0	0	12816	0	0	12665	0	0	12660	0	0	12656	1	0.0793461874156947	12603	0	0	12655	0	0	12738	0	0	12475	0	0	12524
Valdemarsvik	1	0.130599451482304	7657	0	0	7585	0	0	7597	0	0	7662	0	0	7760	0	0	7811	0	0	7852	0	0	7949	0	0	8038	0	0	8122	0	0	8159	1	0.12202562538133	8195	0	0	8230	0	0	8224	0	0	8337	0	0	8383	1	0.117123448114312	8538
Vallentuna	1	0.031280302793331	31969	0	0	31616	0	0	31215	1	0.0325573823864561	30715	0	0	30114	0	0	29361	0	0	28954	2	0.0704671975195546	28382	3	0.107650351657815	27868	1	0.0365003467532942	27397	0	0	26889	3	0.114042423781647	26306	3	0.115807759119861	25905	1	0.0389969972312132	25643	0	0	25228	0	0	24640	0	0	24246
Vansbro	0	0	6694	0	0	6730	0	0	6779	0	0	6818	1	0.14695077149155	6805	0	0	6876	0	0	6916	0	0	6959	0	0	6983	0	0	7061	0	0	7122	0	0	7164	0	0	7235	0	0	7219	0	0	7291	1	0.135574837310195	7376	1	0.133761369716426	7476
Vara	1	0.0641148938898506	15597	0	0	15609	0	0	15557	0	0	15694	1	0.0634437254155564	15762	0	0	15771	0	0	15868	0	0	16008	0	0	15961	1	0.0624687656171914	16008	0	0	16026	0	0	15995	1	0.0624648635142732	16009	0	0	16050	0	0	16044	0	0	16255	1	0.0612032560132199	16339
Varberg	0	0	60422	1	0.0166844634276562	59936	0	0	59186	0	0	58576	1	0.0172164451484058	58084	1	0.0174097738470377	57439	1	0.0176450867256013	56673	2	0.0356417293367074	56114	0	0	55459	0	0	54817	0	0	54338	0	0	53892	0	0	53346	0	0	53072	0	0	52648	0	0	52516	3	0.0572606504809895	52392
Vaxholm	0	0	11329	0	0	11188	0	0	11126	0	0	11141	0	0	10965	0	0	11001	0	0	10747	0	0	10600	0	0	10440	0	0	10123	0	0	9904	0	0	9725	1	0.103831377842384	9631	0	0	9470	0	0	9286	0	0	8888	0	0	8721
Vellinge	0	0	34110	0	0	33807	0	0	33615	0	0	33510	0	0	33303	0	0	33162	0	0	32843	0	0	32565	0	0	32270	0	0	31722	0	0	31596	0	0	31300	0	0	31087	0	0	30782	0	0	30516	0	0	30206	0	0	30023
Vetlanda	0	0	26647	1	0.0378515462356637	26419	0	0	26297	0	0	26302	0	0	26304	1	0.0379506641366224	26350	0	0	26343	0	0	26365	0	0	26380	0	0	26459	0	0	26531	0	0	26398	0	0	26428	0	0	26522	0	0	26624	0	0	26735	1	0.0369494531480934	27064
Vilhelmina	0	0	6848	0	0	6887	0	0	6941	0	0	7048	0	0	7135	0	0	7156	0	0	7220	0	0	7220	0	0	7280	0	0	7327	0	0	7422	0	0	7588	0	0	7655	0	0	7730	0	0	7918	0	0	8006	0	0	8125
Vimmerby	0	0	15297	0	0	15287	0	0	15403	1	0.0649477170877444	15397	0	0	15473	0	0	15538	1	0.0643045463314256	15551	0	0	15608	0	0	15588	0	0	15613	0	0	15596	0	0	15621	0	0	15628	0	0	15644	0	0	15776	0	0	15788	0	0	15779
Vindeln	1	0.185770016719302	5383	0	0	5344	0	0	5359	0	0	5434	0	0	5507	0	0	5519	0	0	5613	0	0	5640	0	0	5665	0	0	5752	0	0	5773	0	0	5885	0	0	5960	0	0	6039	0	0	6074	0	0	6142	1	0.160128102481986	6245
Vingåker	0	0	8919	0	0	8835	0	0	8775	0	0	8824	0	0	8893	0	0	8911	1	0.111111111111111	9000	1	0.110107905747633	9082	0	0	9212	0	0	9269	0	0	9178	0	0	9179	0	0	9181	0	0	9156	0	0	9186	0	0	9335	0	0	9542
Vårgårda	0	0	11089	0	0	11065	0	0	11030	0	0	10994	0	0	10943	0	0	10967	0	0	10976	0	0	10988	0	0	10896	1	0.0929713648196356	10756	0	0	10680	0	0	10692	0	0	10668	0	0	10677	0	0	10714	0	0	10736	0	0	10705
Vänersborg	1	0.0263921879123779	37890	0	0	37369	0	0	36968	0	0	36962	0	0	36857	5	0.135607930351767	36871	0	0	36991	1	0.0270716586805274	36939	1	0.0270102368797774	37023	0	0	36951	0	0	37105	1	0.0269534513894504	37101	1	0.0270087778528022	37025	0	0	36795	0	0	36589	1	0.0273186723125256	36605	1	0.0274077728443787	36486
Vännäs	0	0	8616	0	0	8583	0	0	8522	0	0	8465	0	0	8414	0	0	8357	0	0	8357	0	0	8351	1	0.118539592223803	8436	0	0	8412	0	0	8525	0	0	8513	0	0	8479	0	0	8449	1	0.117205813408345	8532	0	0	8584	0	0	8574
Värmdö	0	0	40541	0	0	39784	0	0	39387	0	0	38894	0	0	38301	0	0	37756	0	0	37376	0	0	36870	0	0	35803	0	0	34933	0	0	34029	1	0.0301804792660107	33134	0	0	32664	0	0	32096	0	0	31260	0	0	30319	0	0	29396
Värnamo	1	0.0299994000119998	33334	0	0	33155	1	0.0302920150248395	33012	2	0.0607275156373353	32934	0	0	32833	0	0	32753	0	0	32823	0	0	32930	1	0.0304497426996742	32841	1	0.0305810397553517	32700	0	0	32464	0	0	32350	1	0.03100582909587	32252	0	0	32275	0	0	32256	0	0	31970	0	0	31983
Västervik	0	0	35920	0	0	35867	0	0	35892	0	0	36015	1	0.0276197315362095	36206	0	0	36290	0	0	36356	2	0.0548576444127489	36458	1	0.0274725274725275	36400	3	0.0821805232159978	36505	1	0.0273478094404638	36566	0	0	36768	0	0	36913	1	0.0270592055417253	36956	0	0	37433	4	0.105457421566043	37930	1	0.0260695012904403	38359
Västerås	3	0.0208765361651195	143702	1	0.00703576278222203	142131	6	0.0427049302842013	140499	2	0.014418675067948	138709	5	0.0364412894385855	137207	5	0.0367820150659134	135936	6	0.0445487214516943	134684	6	0.0448671931083991	133728	5	0.0376166114956365	132920	0	0	131934	2	0.0152655441403209	131014	0	0	129987	1	0.00775783153093047	128902	3	0.0234743620842104	127799	3	0.0237477043885758	126328	1	0.0079723836629914	125433	3	0.0240423144734733	124780
Växjö	3	0.034494653328734	86970	1	0.0116520239565613	85822	2	0.0235849056603774	84800	3	0.0358380121849241	83710	4	0.0481898680802361	83005	3	0.0365751069821879	82023	6	0.0740064632311222	81074	2	0.0251376285161258	79562	3	0.0382297095816395	78473	1	0.0129260757726562	77363	3	0.0390854016025015	76755	3	0.0395527897901065	75848	6	0.0799616184231569	75036	7	0.0944898895818147	74082	4	0.0541264664889514	73901	2	0.0271112918530568	73770	4	0.0542755570029037	73698
Ydre	0	0	3660	0	0	3617	0	0	3612	0	0	3666	0	0	3672	0	0	3672	0	0	3726	0	0	3760	0	0	3822	0	0	3866	0	0	3894	0	0	3943	0	0	4004	0	0	4048	0	0	4131	0	0	4152	0	0	4178
Ystad	0	0	28771	0	0	28623	0	0	28558	1	0.0351778238998136	28427	0	0	28338	1	0.0355757942296062	28109	1	0.035880875493362	27870	0	0	27719	1	0.0364990145266078	27398	0	0	27120	0	0	26898	1	0.037516413430876	26655	0	0	26383	0	0	26235	0	0	26182	0	0	26185	0	0	26058
Åmål	0	0	12326	1	0.0817728350641917	12229	0	0	12211	0	0	12226	0	0	12295	1	0.0804246421103426	12434	0	0	12545	0	0	12589	0	0	12716	0	0	12737	0	0	12823	0	0	12854	0	0	12829	0	0	12770	0	0	12840	0	0	12908	0	0	13041
Ånge	0	0	9484	0	0	9548	0	0	9639	1	0.101636345157028	9839	0	0	10053	0	0	10148	0	0	10323	0	0	10442	0	0	10604	0	0	10692	0	0	10821	0	0	10897	0	0	10948	0	0	10997	0	0	11234	0	0	11368	0	0	11497
Åre	0	0	10555	0	0	10420	0	0	10406	0	0	10259	0	0	10274	0	0	10278	0	0	10259	0	0	10127	0	0	10021	0	0	9966	0	0	9821	0	0	9692	0	0	9692	0	0	9607	0	0	9745	0	0	9754	0	0	9838
Årjäng	0	0	9804	0	0	9953	0	0	9864	0	0	9827	0	0	9855	0	0	9915	1	0.10048231511254	9952	0	0	9877	0	0	9821	0	0	9800	0	0	9799	0	0	9737	0	0	9743	0	0	9803	0	0	9790	0	0	9784	0	0	9826
Åsele	0	0	2838	0	0	2875	0	0	2958	0	0	3007	0	0	3039	1	0.319182891797	3133	0	0	3180	0	0	3265	0	0	3271	0	0	3322	0	0	3375	0	0	3410	0	0	3499	0	0	3563	0	0	3624	0	0	3710	0	0	3789
Åstorp	0	0	15061	0	0	14927	0	0	14806	0	0	14789	0	0	14737	0	0	14667	0	0	14533	0	0	14233	1	0.072020165646381	13885	0	0	13541	0	0	13389	0	0	13326	0	0	13150	1	0.0773395204949729	12930	1	0.0776819700147596	12873	1	0.0781311039924994	12799	0	0	12908
Åtvidaberg	0	0	11472	0	0	11460	0	0	11446	0	0	11517	0	0	11504	0	0	11498	0	0	11543	0	0	11658	0	0	11775	0	0	11723	0	0	11817	0	0	11818	0	0	11887	0	0	11894	0	0	11946	0	0	12055	0	0	12215
Älmhult	1	0.0628614533568016	15908	3	0.190367409099562	15759	0	0	15724	0	0	15629	0	0	15603	2	0.128452151573539	15570	0	0	15411	0	0	15378	1	0.0650702758979698	15368	0	0	15346	0	0	15421	1	0.0647794260542852	15437	0	0	15444	0	0	15442	0	0	15403	0	0	15448	0	0	15569
Älvdalen	0	0	7052	0	0	7096	0	0	7139	0	0	7184	0	0	7207	0	0	7288	0	0	7287	0	0	7362	1	0.134789055128724	7419	0	0	7445	0	0	7515	0	0	7570	0	0	7617	0	0	7652	0	0	7718	0	0	7804	0	0	7932
Älvkarleby	0	0	9169	0	0	9132	0	0	9059	0	0	9089	0	0	9103	0	0	9068	0	0	9064	0	0	9095	0	0	9110	0	0	9080	1	0.110607233713085	9041	0	0	9028	0	0	8970	0	0	8955	0	0	8932	0	0	8972	0	0	9047
Älvsbyn	0	0	8171	0	0	8168	0	0	8200	0	0	8253	0	0	8335	1	0.119232144986288	8387	0	0	8465	0	0	8545	0	0	8653	0	0	8655	0	0	8775	0	0	8838	0	0	8835	0	0	8892	0	0	8947	0	0	9060	0	0	9101
Ängelholm	1	0.0248576897263168	40229	0	0	39866	0	0	39742	2	0.0504719123807601	39626	2	0.0507691526628421	39394	0	0	39083	1	0.0257373758171617	38854	1	0.0258071176030349	38749	0	0	38682	1	0.026077659269304	38347	0	0	38140	1	0.0264137985683721	37859	1	0.0265209780936721	37706	1	0.026663111585122	37505	0	0	37312	1	0.0269876396610352	37054	0	0	36921
Öckerö	1	0.0790826413602214	12645	1	0.0795291872117067	12574	0	0	12539	0	0	12487	0	0	12449	0	0	12292	2	0.163265306122449	12250	1	0.0815926892950392	12256	0	0	12229	0	0	12231	0	0	12147	1	0.0827746047512623	12081	1	0.0834654870211168	11981	1	0.0841963458785889	11877	0	0	11827	0	0	11781	1	0.0855285665412248	11692
Ödeshög	0	0	5240	0	0	5174	0	0	5200	0	0	5245	0	0	5284	0	0	5314	0	0	5350	0	0	5371	0	0	5433	1	0.181290790427846	5516	0	0	5520	0	0	5528	0	0	5566	0	0	5621	1	0.175808720112518	5688	0	0	5727	0	0	5767
Örebro	15	0.105176064732362	142618	7	0.0497869828377158	140599	5	0.0359836490298808	138952	1	0.00729282896128237	137121	5	0.0369112653181751	135460	2	0.0149247048639613	134006	4	0.030239573017229	132277	2	0.0153340131412493	130429	5	0.0387666017972197	128977	0	0	127733	1	0.00787513190845947	126982	2	0.0158368174331686	126288	3	0.0239005736137667	125520	2	0.0160162725328934	124873	3	0.0241532280789327	124207	2	0.0161939386087787	123503	2	0.0163077600476187	122641
Örkelljunga	0	0	9733	0	0	9653	0	0	9655	1	0.103487529752665	9663	0	0	9631	0	0	9639	0	0	9592	0	0	9577	0	0	9529	0	0	9553	0	0	9500	0	0	9483	0	0	9419	0	0	9414	0	0	9428	1	0.10612331529237	9423	0	0	9499
Örnsköldsvik	0	0	55248	0	0	54986	0	0	55008	1	0.0182049881667577	54930	0	0	55073	0	0	55128	0	0	55387	1	0.0180884161782794	55284	0	0	55243	0	0	54943	0	0	54945	0	0	54950	0	0	55047	1	0.0180622787370855	55364	0	0	55702	0	0	56167	0	0	56658
Östersund	0	0	60495	1	0.0166788978584295	59956	0	0	59485	0	0	59373	1	0.0168304833714824	59416	0	0	59136	0	0	58914	0	0	58686	1	0.0170697984056808	58583	1	0.0171150818100911	58428	1	0.017106005918678	58459	1	0.0171347303850174	58361	1	0.017195130339088	58156	0	0	58361	0	0	58249	1	0.0171271002106633	58387	1	0.0170436146097864	58673
Österåker	0	0	41180	0	0	40495	0	0	40269	1	0.0251306795335746	39792	0	0	39521	0	0	39173	1	0.0258264462809917	38720	0	0	38286	2	0.0527997043216558	37879	3	0.0803514034711806	37336	0	0	36867	0	0	36183	1	0.0280638733758033	35633	1	0.0284835365158938	35108	2	0.0580939378975804	34427	0	0	33861	0	0	33396
Östhammar	0	0	21374	0	0	21352	0	0	21262	2	0.0935147519521204	21387	1	0.0467880035558883	21373	0	0	21391	0	0	21434	0	0	21421	0	0	21435	0	0	21608	0	0	21738	0	0	21741	1	0.0458148165116599	21827	0	0	21842	0	0	21733	0	0	21680	0	0	21921
Östra Göinge	0	0	13864	0	0	13687	0	0	13620	0	0	13603	0	0	13590	0	0	13526	0	0	13662	0	0	13828	0	0	13886	0	0	13991	0	0	13978	0	0	14047	0	0	14087	0	0	14108	0	0	14215	0	0	14322	0	0	14514
Överkalix	0	0	3409	0	0	3436	0	0	3497	0	0	3549	0	0	3611	0	0	3670	0	0	3715	0	0	3795	0	0	3859	0	0	3872	0	0	3933	0	0	3993	0	0	4058	0	0	4118	0	0	4206	0	0	4304	0	0	4366
Övertorneå	0	0	4711	0	0	4709	1	0.209555741827326	4772	0	0	4810	0	0	4812	0	0	4920	0	0	4972	0	0	5092	0	0	5168	0	0	5229	0	0	5244	0	0	5331	0	0	5391	0	0	5484	0	0	5602	0	0	5746	0	0	5868
