code,name,medianIncome,youthUnemployment2010,youthUnemployment2013,unemployment2010,unemployment2013,unemploymentChange,reportedCrime,populationChange,hasEducation,asylumCosts,urbanDegree,satisfactionInfluence,satisfactionGeneral,satisfactionElderlyCare,foreignBorn,reportedCrimeVandalism,youngUnskilled,latitude,longitude,population,populationShare65plus,municipalityType,municipalityTypeBroad,refugees,rentalApartments,governing,fokusRanking,foretagsklimatRanking,cars,motorcycles,tractors,snowmobiles
0780,Växjö,201793,9.3,8.7,7.9,8,0.0999999999999996,831,0.8,27.5,333,49.1,NA,NA,NA,11.7,9.6,5.9,56.879004,14.805852,11065,19.4,Larger towns,Town,33.8,234.1,Conservative,19,24,3651.69453230908,200.542250338906,260.370537731586,4.60912788070493
1487,Vänersborg,195999,13.7,13.2,9.5,9.4,-0.0999999999999996,641,2.7,35,0,67.4,NA,NA,NA,6.7,5.9,8.5,58.379728,12.324803,8583,20.5,Commuter municipalities,Rural,14.4,164.8,Mixed,80,231,2230.45555167191,138.180123499942,226.960270301759,8.15565653035069
1765,Årjäng,182826,6.4,5.5,7.2,5.3,-1.9,575,-3.5,22.8,1960,72.8,NA,NA,NA,8.8,5.4,10.2,59.389159,12.132717,8168,25.1,Sparsely populated municipalities,Rural,11.2,129.1,Conservative,204,113,765.670910871694,46.767874632713,183.031341821743,11.2634671890304
1293,Hässleholm,237817,10.4,13.1,9.1,9.6,0.5,751,3.9,30.7,749,88.9,45,58,60,15.5,12,10.8,56.158914,13.766766,19968,17,Larger towns,Town,13.2,136.9,Conservative,83,187,1311.59855769231,103.215144230769,181.189903846154,0.951522435897436
2403,Bjurholm,168796,7.1,11.5,6.7,10.2,3.5,205,-3.2,25.1,546,39.3,NA,NA,NA,11.2,4.4,8.7,63.930406,19.219213,2436,30,Commuter municipalities,Rural,52,87.6,Conservative,266,38,565.270935960591,38.1773399014778,176.518883415435,186.781609195402
1445,Essunga,187409,10.8,9.1,7.3,6.3,-1,710,-2.3,22.7,1230,45.5,NA,NA,NA,7.6,12.3,13.6,58.195013,12.77825,5494,23.9,Commuter municipalities,Rural,23.2,107.2,Conservative,265,49,618.856934838005,51.3287222424463,176.01019293775,1.45613396432472
1439,Färgelanda,177315,13.5,9.7,10.2,8.5,-1.7,475,-3.3,22.9,2130,54.5,NA,NA,NA,10,13.1,12.3,58.567559,11.994926,6520,24.2,Commuter municipalities,Rural,32.9,108.4,Mixed,284,240,596.319018404908,40.6441717791411,173.773006134969,1.84049079754601
1438,Dals-Ed,166428,9.7,12.5,9.2,7.8,-1.4,738,-1,22.3,1972,62.5,NA,NA,NA,17.8,7.8,13.1,58.974388,11.865175,4740,24.8,Sparsely populated municipalities,Rural,22.9,151.6,Conservative,216,108,602.320675105485,43.2489451476793,168.354430379747,1.68776371308017
0512,Ydre,188318,5.7,7.8,5.1,4.4,-0.699999999999999,194,-2.9,28.8,1671,43.2,NA,NA,NA,9.7,5.5,6,57.85952,15.297346,3617,27.4,Commuter municipalities,Rural,22.5,110.2,Mixed,236,68,561.515067735693,40.0884711086536,160.353884434614,1.38236107271219
1292,Ängelholm,190823,10.5,9.4,7.5,6.4,-1.1,375,-0.7,26.2,703,76.7,37,49,53,6.7,7.1,8.2,56.245748,12.863881,11460,24.4,Commuter municipalities,Rural,5.6,165.7,Conservative,45,8,1864.04886561955,148.167539267016,156.195462478185,1.30890052356021
0885,Borgholm,174435,6.5,9.7,5.4,6.4,1,932,-2.2,32.2,1271,44.2,NA,NA,NA,7.9,15.7,11.4,56.88023,16.656235,10619,32,Tourism municipalities,Rural,13,90.7,Conservative,171,252,576.513796025991,48.3096336754873,154.534325266033,2.07175816931914
1444,Grästorp,193474,11,9.7,8.5,7.4,-1.1,727,-3.6,26.3,330,51.4,49,56,60,7.8,11.1,9.3,58.33404,12.680218,5641,22.8,Suburbs to larger towns,City,30.7,93.8,Conservative,202,42,584.116291437688,40.9501861372097,154.050700230456,1.59546179755363
1470,Vara,191358,9.7,9.7,7.1,6.5,-0.6,641,-1.6,23.6,603,53.6,NA,NA,NA,9.3,9.3,12,58.261781,12.960194,15609,23,Manufacturing municipalities,Rural,14.6,119.9,Mixed,177,33,597.668012044333,45.6147094624896,153.308988404126,1.665705682619
1766,Sunne,181436,9.7,9.5,8.1,6.4,-1.7,607,-3.4,29.7,744,47.9,NA,NA,NA,7.9,7.5,8.2,59.836557,13.144046,13011,23.4,Municipalities in sparsely populated regions,Rural,2.6,108.4,Conservative,183,25,625.547613557759,39.5050342018292,149.642610099147,19.8293751441088
2409,Robertsfors,190132,10.3,7,7.6,6.4,-1.2,401,-2.3,30.2,1953,45.6,48,58,68,7.9,4.3,10.9,64.191835,20.84891,6738,24,Sparsely populated municipalities,Rural,26.6,103,Mixed,238,212,548.085485307213,36.9545859305432,144.553279905016,138.765212229148
2326,Berg,170559,12.8,10.3,12.5,7.2,-5.3,740,-5,27.1,2170,31,36,45,51,7.4,6.3,10.3,58.483333,15.516667,7160,27.3,Tourism municipalities,Rural,37,93.4,Mixed,276,220,606.983240223464,29.3296089385475,143.575418994413,228.212290502793
1461,Mellerud,166192,10.2,10.2,10.5,8.7,-1.8,607,-5.8,24.6,1376,55.6,NA,NA,NA,13.5,14.5,12.1,58.702568,12.451842,8892,27.5,Municipalities in densely populated regions,Rural,22.1,138.1,Conservative,254,165,558.479532163743,39.3612235717499,143.387314439946,3.5987404408457
2260,Ånge,174230,15.2,13.1,11.6,9.9,-1.7,747,-2.6,21.6,2644,69.8,NA,NA,NA,7.3,10,12.2,62.522874,15.658942,7096,26.7,Sparsely populated municipalities,Rural,17.2,147.7,Left-wing,248,246,798.055242390079,57.0744081172492,143.320180383315,183.48365276212
0509,Ödeshög,180640,10.9,9,9.2,7.8,-1.4,560,-3.3,24.3,2281,55.1,NA,NA,NA,9.7,9.5,14.1,58.229105,14.653021,5174,25.8,Commuter municipalities,Rural,32.7,117.9,Conservative,219,95,579.435639737147,41.5539234634712,140.510243525319,3.28565906455354
1466,Herrljunga,191314,9.9,8.6,7,6.6,-0.4,712,-0.1,25.7,393,54.5,NA,NA,NA,12.2,6.8,10.9,58.078029,13.018839,9274,22.3,Manufacturing municipalities,Rural,17.9,116,Mixed,148,48,547.444468406297,44.5331032995471,140.284666810438,1.83308173387966
0604,Aneby,192114,10.1,10.5,7.4,6.6,-0.800000000000001,831,-2.3,28.4,2041,60.7,41,51,60,10.2,8.8,7.4,57.838521,14.817802,6375,21.7,Commuter municipalities,Rural,27.1,120.3,Conservative,187,89,560.313725490196,48.156862745098,136,1.25490196078431
1435,Tanum,189453,7.7,6.2,5.7,4.8,-0.9,675,0.3,29.7,911,40.8,43,51,54,12,8.1,12,58.716213,11.331016,12303,26.2,Tourism municipalities,Rural,8.5,101.1,Conservative,145,241,608.225636023734,45.5173534910185,132.569292042591,2.27586767455092
1814,Lekeberg,201743,10.7,8.4,7,5.8,-1.2,329,2.5,29,0,42.2,NA,NA,NA,4.9,6.6,11.1,59.209354,14.76973,7289,21.2,Suburbs to larger towns,City,0.3,80,Conservative,143,52,583.756345177665,51.4473864727672,132.25408149266,5.07614213197969
0834,Torsås,180588,10.8,12.5,8.4,10.2,1.8,596,-2.8,26.8,930,53.1,36,47,45,9.7,7.1,11,56.412638,15.998275,6879,26.7,Manufacturing municipalities,Rural,27,109.5,Mixed,246,157,586.277075156273,48.5535688326792,128.070940543684,0.145369966564908
2425,Dorotea,173720,8.6,7.6,8.6,9.3,0.700000000000001,399,-5.4,20.8,8582,53.6,NA,NA,NA,8.8,6.3,8.7,64.261794,16.415234,2757,30.2,Tourism municipalities,Rural,68.7,170.7,Mixed,262,151,592.310482408415,34.095030830613,127.675009067827,322.451940515053
2404,Vindeln,181236,11.5,8.9,7.5,6.5,-1,468,-4.8,27.8,1971,59.9,NA,NA,NA,8.6,5.7,8.7,64.201953,19.71887,5344,27.2,Sparsely populated municipalities,Rural,17.4,93.5,Mixed,209,239,570.546407185629,36.8637724550898,126.87125748503,221.931137724551
2132,Nordanstig,177226,12.9,11.1,9.5,9.1,-0.4,464,-2.5,23.2,1834,47.9,32,40,52,8.2,4.4,10.8,62.036668,17.205249,9491,25.1,Sparsely populated municipalities,Rural,24.2,122.8,Mixed,285,277,595.932989147614,45.4114424191339,125.381940786008,77.0203350542619
1270,Tomelilla,182238,11.6,14,9.4,8.5,-0.9,846,0.6,24.9,910,64.4,NA,NA,NA,12.3,11.1,12.6,55.54355,13.95484,12891,23.7,Commuter municipalities,Rural,12.3,121.2,Mixed,165,172,579.241331161275,44.2168955084943,123.807307423784,0.698161508028857
1430,Munkedal,184231,11.7,9.9,8,6.2,-1.8,529,-0.4,23.2,979,58.7,34,46,48,10.7,8.7,11.9,58.471505,11.680192,10205,24.2,Commuter municipalities,Rural,6.5,109.2,Mixed,193,190,621.264086232239,47.1337579617834,123.272905438511,1.27388535031847
1737,Torsby,174332,11.5,8.8,7.6,5.4,-2.2,691,-5.5,24.2,1100,45.2,NA,NA,NA,12,8.8,10.1,60.140907,13.010213,12013,27.4,Sparsely populated municipalities,Rural,13.6,154.5,Left-wing,220,161,652.043619412303,37.7923915757929,122.950137351203,75.8345126113377
1460,Bengtsfors,170971,11.6,14.3,8.7,8.3,-0.399999999999999,503,-3.5,23.8,1728,68.6,41,50,53,15.7,8.9,12.6,59.028612,12.226943,9550,27.9,Manufacturing municipalities,Rural,20.1,184.9,Mixed,256,204,581.780104712042,44.1884816753927,120.942408376963,2.93193717277487
1730,Eda,164708,11.6,8.3,9.2,6.1,-3.1,997,-2.6,20.5,589,52.3,33,48,51,27.2,10.9,10.9,59.833056,12.316667,8426,24.9,Municipalities in sparsely populated regions,Rural,9.8,131.8,Mixed,278,282,625.801091858533,43.7930215998101,120.579159743651,17.8020413007358
1473,Töreboda,176749,14.6,12.1,11,9,-2,845,-2.9,24.9,864,57.6,NA,NA,NA,10.9,9.2,12,58.705509,14.126147,8992,24.2,Manufacturing municipalities,Rural,13.5,132.9,Mixed,231,88,554.048042704626,43.2606761565836,120.551601423488,1.33451957295374
0765,Älmhult,189134,10.1,10.4,6.2,6.3,0.0999999999999996,950,1.6,35.4,2233,49.3,NA,NA,NA,8.7,13.2,8.5,56.552446,14.137405,10420,17.8,Municipalities in densely populated regions,Rural,20,148.9,Conservative,104,125,792.706333973129,46.7370441458733,119.673704414587,0.863723608445297
1266,Hörby,192642,7.9,7.3,6.5,5.9,-0.6,1173,1.1,28.1,327,59.1,27,46,45,13.7,14.4,12.2,55.851716,13.661926,14917,21.4,Suburbs to larger towns,City,14,114.5,Conservative,97,45,578.668633103171,49.4737547764296,119.595092847087,0.603338472883288
1447,Gullspång,170718,14,17.3,10.4,11,0.6,1215,-3.5,24,6572,64.8,35,50,69,14.1,7.1,11.3,58.985467,14.096623,5185,28.6,Manufacturing municipalities,Rural,56.4,114.7,Mixed,289,219,561.812921890068,47.4445515911283,117.839922854388,2.12150433944069
0684,Sävsjö,192532,7,6.6,7.1,6.5,-0.6,820,0.8,25.7,592,74.1,NA,NA,NA,17,8.3,10.1,57.398996,14.665814,10969,22.8,Manufacturing municipalities,Rural,46.2,136.2,Conservative,194,102,540.523292916401,41.9363661227095,116.692497037105,1.54982222627405
2417,Norsjö,182744,15.3,10,11.8,8.3,-3.5,527,-4.3,22.5,5726,56.8,39,53,57,8.4,7.2,7.9,64.913509,19.482641,4175,25.5,Manufacturing municipalities,Rural,59.7,137.1,Mixed,245,148,584.191616766467,34.9700598802395,115.688622754491,232.335329341317
0821,Högsby,168358,9.8,10.4,8,7.9,-0.0999999999999996,839,-3.6,23.2,226,67,NA,NA,NA,18.1,12.9,14,57.172604,16.020619,5718,26.1,Commuter municipalities,Rural,31.7,126.9,Mixed,282,262,555.089192025184,36.7261280167891,114.900314795383,3.14795383001049
2303,Ragunda,169916,16,15,13,10.9,-2.1,696,-3.9,21.6,1099,44.9,NA,NA,NA,10.1,5.1,12.4,63.124617,16.366589,5458,28.5,Sparsely populated municipalities,Rural,32.1,120.2,Mixed,282,222,600.586295346281,43.9721509710517,114.877244411872,168.926346647123
2313,Strömsund,170828,17.5,15.4,12.9,11.2,-1.7,818,-4.4,24.1,3437,55.7,NA,NA,NA,11.4,7.3,7.9,63.853662,15.556869,11984,27.9,Sparsely populated municipalities,Rural,39,128.6,Mixed,251,232,586.615487316422,30.7910547396529,113.818424566088,270.110146862483
0763,Tingsryd,182323,10.7,11.6,7.1,7.5,0.4,642,-2.8,26.7,1896,62.4,36,53,53,13.5,8.5,10.5,56.524745,14.978534,12156,27.4,Manufacturing municipalities,Rural,33.2,150.7,Mixed,185,128,581.112207963146,38.4995064165844,113.277393879566,0.329055610398157
0331,Heby,185889,9.5,8.3,7,6.9,-0.0999999999999996,855,0.3,22.6,787,61.1,NA,NA,NA,10.8,7.2,13.9,59.939637,16.858759,13450,23.6,Commuter municipalities,Rural,19.1,106.9,Mixed,208,162,559.033457249071,43.9405204460967,111.524163568773,26.4684014869888
2101,Ockelbo,182279,13.4,13.6,9.3,9,-0.300000000000001,847,-4,25.7,1099,61.5,40,47,53,9.8,10.7,10.6,60.891784,16.720187,5785,25.7,Commuter municipalities,Rural,48,151.8,Mixed,275,217,566.292134831461,53.2411408815903,111.495246326707,89.7147796024201
0513,Kinda,192820,12.8,12,6.9,7.1,0.199999999999999,408,-0.8,30.4,1072,65.8,39,50,55,8.1,8.4,7.8,57.953579,15.847963,9802,24.4,Municipalities in densely populated regions,Rural,36.1,142.5,Conservative,198,120,569.475617220975,46.3170781473169,110.793715568251,3.87675984492961
2401,Nordmaling,181573,13.9,14.5,9.3,8.9,-0.4,514,-3.7,25.1,4282,52.9,NA,NA,NA,8,5.3,13.6,63.566667,19.5,7006,26.2,Sparsely populated municipalities,Rural,27.6,120,Mixed,250,267,554.667427918927,34.541821296032,110.619469026549,133.314302026834
1381,Laholm,194727,11,9,7.6,7.1,-0.5,642,1.1,28.3,459,65.6,41,56,55,12.6,10.7,10.3,56.505756,13.045605,23517,23.7,Municipalities in densely populated regions,Rural,10.8,106.2,Conservative,146,10,601.734915167751,48.9007951694519,110.430752221797,0.850448611642641
1785,Säffle,177655,13.6,14.5,10.1,9.4,-0.699999999999999,622,-3.2,26.9,201,64.3,41,54,51,10.4,7.8,8.4,59.132661,12.930107,15276,26.7,Municipalities in densely populated regions,Rural,17.9,150.4,Conservative,224,132,565.658549358471,34.7604084838963,109.845509295627,5.2369730295889
0563,Valdemarsvik,176586,8.3,9.5,7.8,7.9,0.100000000000001,633,-3.4,25,1712,58.3,NA,NA,NA,8.3,6.6,14.2,58.202451,16.601363,7585,29.1,Tourism municipalities,Rural,25.6,175.3,Mixed,268,250,546.736980883322,46.14370468029,109.426499670402,5.00988793671721
1499,Falköping,192850,11.6,10.2,8.2,7.4,-0.799999999999999,857,2,28.5,-7,73,35,52,53,13.4,9.7,8.7,58.175029,13.553217,31988,21.9,Municipalities in densely populated regions,Rural,32.7,171.6,Mixed,121,195,517.569088408153,38.2018256846317,108.978366887583,0.593972739777416
2305,Bräcke,175040,19,12.7,13.4,10.7,-2.7,686,-6.4,25,2358,46.7,NA,NA,NA,11.3,8,12,62.750741,15.422575,6559,27.2,Sparsely populated municipalities,Rural,53.1,128.6,Left-wing,290,170,587.589571581034,33.6941606952279,107.943284037201,183.717030035066
2462,Vilhelmina,173280,15.8,15.2,10.8,11.2,0.399999999999999,595,-4.6,24.8,2622,51.3,NA,NA,NA,7.6,7.2,8.4,64.624471,16.655497,6887,23.9,Sparsely populated municipalities,Rural,42.2,153.3,Mixed,263,289,582.111224045303,41.0919122985335,107.303615507478,360.824742268041
1421,Orust,202605,6.6,4.8,5.3,4,-1.3,512,-1.9,33,1451,37.3,NA,NA,NA,7.7,7.3,11.1,58.186641,11.606919,15036,26.7,Commuter municipalities,Rural,9.2,83.9,Mixed,166,263,605.879223197659,40.7688214950785,106.743814844374,0.864591646714552
2421,Storuman,171871,11.8,12.8,8.4,7.4,-1,1276,-5.6,29.3,2453,56.5,NA,NA,NA,7.1,8,6.5,65.09562,17.112277,5954,27.7,Tourism municipalities,Rural,15.7,101.2,Mixed,222,184,603.795767551226,35.4383607658717,105.979173664763,548.538797447094
1465,Svenljunga,191773,9,7.2,6.5,5.1,-1.4,757,-0.1,20.8,186,59.9,29,43,42,14,7.3,15.8,57.495572,13.114622,10299,23.6,Municipalities in densely populated regions,Rural,26,116.5,Conservative,228,214,573.065346150112,48.257112341004,104.087775512186,1.45645208272648
2521,Pajala,174747,14.8,10.7,13.6,8.5,-5.1,619,-2,27.5,1288,48.7,NA,NA,NA,14.2,7.4,7,67.212782,23.367392,6299,31.7,Sparsely populated municipalities,Rural,12.2,115.8,Left-wing,258,284,593.268772821083,22.3845054770599,103.667248769646,191.300206381965
1315,Hylte,198302,7.5,8.4,6.2,6.4,0.2,1100,-2.6,21.8,2115,65.8,42,50,61,23,15.7,12.5,56.954684,13.528469,10001,22.1,Manufacturing municipalities,Rural,29.1,145.7,Mixed,175,117,548.345165483452,44.995500449955,103.189681031897,1.5998400159984
0980,Gotland,183717,7.5,10.7,7.2,8.4,1.2,966,0.3,33.4,235,58.4,32,42,43,6.2,25.4,10.3,57.649684,18.714468,57161,23.3,Tourism municipalities,Rural,2.5,138.9,Mixed,65,256,582.757474501846,45.468063889715,102.989800738266,0.927205612218121
0884,Vimmerby,192042,10.6,10.8,8.2,7.2,-0.999999999999999,556,-1.7,24.7,1641,72.6,31,44,41,9.8,9.6,9.1,57.669034,15.858857,15287,24,Manufacturing municipalities,Rural,25.5,174.3,Conservative,192,166,571.59678157912,54.0328383593903,101.785831098319,1.76620658075489
2513,Överkalix,172724,26.3,15.6,15.4,11.1,-4.3,582,-7.5,25.6,4662,46.4,40,56,62,10.8,8.9,13.1,66.327176,22.842752,3436,32.3,Sparsely populated municipalities,Rural,45.6,132.4,Mixed,279,285,631.257275902212,27.9394644935972,98.9522700814901,149.30151338766
1882,Askersund,191829,9.2,9.3,7.4,6.1,-1.3,1199,-2.5,24.6,1358,60.9,NA,NA,NA,7,8.9,12.7,58.889427,14.910987,11096,26.5,Manufacturing municipalities,Rural,2.6,149,Mixed,214,86,598.413842826244,41.7267483777938,98.6842105263158,5.49747656813266
2021,Vansbro,171732,8.1,8.2,8.7,7.1,-1.6,431,-2.7,20.5,240,60.5,NA,NA,NA,6.9,7.3,12.1,60.509943,14.225342,6730,26.2,Sparsely populated municipalities,Rural,5.4,134.4,Conservative,273,82,620.35661218425,50.520059435364,97.3254086181278,96.7310549777117
1278,Båstad,201458,6.6,8.5,5.4,5.9,0.5,630,0.5,38.4,922,70.5,NA,NA,NA,13.6,9.5,8.6,56.427389,12.847722,14275,29.5,Tourism municipalities,Rural,9.5,106.8,Conservative,98,122,589.84238178634,38.2486865148862,97.092819614711,1.0507880910683
2121,Ovanåker,185623,15.1,14.6,9.1,9.3,0.200000000000001,396,-2.5,22.6,500,63.4,NA,NA,NA,5.4,4.1,10.9,61.519317,15.530633,11354,26.3,Manufacturing municipalities,Rural,31.3,176.1,Mixed,270,205,582.349832658094,42.0997005460631,96.6179320063414,103.047384181786
0382,Östhammar,202320,5.9,7,4.6,4.5,-0.0999999999999996,773,-0.4,25.3,554,66.7,39,49,54,8.7,10.4,10.3,60.259711,18.366615,21352,24.4,Tourism municipalities,Rural,9.4,121.2,Mixed,92,154,542.525290370925,47.9580367178719,94.698388909704,17.3754215061821
0560,Boxholm,194207,14.6,11.7,9.7,7.8,-1.9,512,0.3,22.9,2011,69,49,61,66,7.6,5.6,11.4,58.196689,15.047488,5278,24.1,Commuter municipalities,Rural,28.3,122,Left-wing,237,194,553.99772641152,47.1769609700644,94.3539219401288,1.3262599469496
1452,Tranemo,205109,8.1,8.1,5.6,4.5,-1.1,520,-1.6,23.6,958,70,37,54,56,16,8.1,11.6,57.485569,13.35241,11531,23.4,Manufacturing municipalities,Rural,21.5,137.3,Conservative,189,98,567.080045095829,39.5455728037464,94.1809036510277,2.3415141791692
2422,Sorsele,169557,11.1,8,8,8,0,539,-5,26.9,6069,46.7,NA,NA,NA,11.5,7.7,10.5,65.534938,17.542175,2595,26.8,Sparsely populated municipalities,Rural,158.6,143.3,Mixed,280,114,578.805394990366,25.0481695568401,93.2562620423892,447.784200385356
2309,Krokom,198675,9,6.9,8.3,5.5,-2.8,512,2.2,34.7,1633,50.4,NA,NA,NA,7.9,5.1,7.8,63.326242,14.448654,14643,20.2,Commuter municipalities,Rural,16.8,102.6,Conservative,139,158,575.838284504541,40.0191217646657,92.9454346786861,229.3245919552
1265,Sjöbo,192926,8,8.9,6.7,5.9,-0.8,810,1.7,27.3,116,62.2,37,52,56,11.1,12.1,11.9,55.634822,13.70337,18401,21.9,Suburbs to larger towns,City,6.3,73.8,Conservative,118,51,590.45704037824,53.1492853649258,92.8210423346557,0.326069235367643
0781,Ljungby,199056,6.9,9.2,7.6,6.8,-0.8,733,-0.6,29.3,885,71.2,NA,NA,NA,18.7,9.3,7.3,56.833877,13.941042,27277,22.6,Manufacturing municipalities,Rural,12.7,149.3,Conservative,87,84,550.280456061884,44.5430215932837,92.4955090369176,0.989844924295194
0360,Tierp,188370,13.2,12.8,8.9,8,-0.9,943,0,23.4,607,64.9,NA,NA,NA,10.9,13.4,12.6,60.345896,17.516906,20144,23.5,Manufacturing municipalities,Rural,14.8,148.1,Left-wing,169,160,520.65131056394,40.3097696584591,92.1862589356632,25.7644956314535
1498,Tidaholm,190956,11.6,8.9,9.4,6.8,-2.6,1289,-1,23.4,62,70.4,43,60,58,9.8,9.7,9.4,58.181769,13.959474,12565,22.8,Manufacturing municipalities,Rural,6.7,110.3,Left-wing,205,168,550.099482690012,52.0493434142459,92.1607640270593,0.875447672105054
0862,Emmaboda,189004,10.5,14.9,7.3,8,0.7,915,-3.9,28.2,1195,70.6,NA,NA,NA,15,7.5,11.7,56.630686,15.540006,8964,26.8,Manufacturing municipalities,Rural,18.6,145.7,Left-wing,252,260,581.994645247657,50.7585899152164,92.0348058902276,0.557786702365016
2518,Övertorneå,175549,14.2,11.8,12.6,10.9,-1.7,531,-5.3,30.8,5456,52.7,32,49,48,26.8,9.2,9,66.389725,23.649496,4709,28.7,Sparsely populated municipalities,Rural,45.7,131.2,Mixed,283,276,569.547674665534,23.5718836270971,91.9515820768741,113.399872584413
2082,Säter,200005,6,6.4,5.6,5.2,-0.399999999999999,947,-0.8,29,1821,62.1,NA,NA,NA,6.7,8.3,10.3,60.34665,15.7479,10873,23.2,Commuter municipalities,Rural,20.7,141.6,Mixed,195,100,598.17897544376,47.9168582727858,91.2351696863791,40.0073576749747
2321,Åre,188889,5.3,5.3,5.7,4.6,-1.1,1084,0.8,25.7,1810,88.6,NA,NA,NA,13.5,9.6,7.2,63.399043,13.081506,9132,23,Tourism municipalities,Rural,24.1,186.7,Conservative,93,112,649.802890932983,43.1449846692948,89.9036355672361,361.038107752957
2418,Malå,188912,9,12.9,7.7,6.3,-1.4,285,-6.4,25.4,1332,62.6,NA,NA,NA,8.3,8,9.8,65.18512,18.74907,3155,25.2,Manufacturing municipalities,Rural,31.1,138.6,Mixed,213,258,579.714738510301,26.9413629160063,89.3819334389857,283.676703645008
1491,Ulricehamn,200439,9.6,6.5,6.6,5.1,-1.5,629,2.2,29.3,228,66.6,NA,NA,NA,12.4,8.7,10.1,57.783333,13.416667,23211,22.7,Municipalities in densely populated regions,Rural,20.8,143,Conservative,110,104,565.981646633062,47.3913230795743,89.1387704105812,1.68023781827582
2031,Rättvik,180598,8.6,7.6,7.8,6.5,-1.3,873,-0.8,31,1397,68.1,41,55,50,5.9,8.1,9.6,60.889025,15.123373,10766,30.5,Tourism municipalities,Rural,4.1,125.7,Conservative,157,83,605.052944454765,42.54133382872,87.77633289987,70.0352963031767
0840,Mörbylånga,202993,7,8.2,5.3,5.3,0,466,4.6,38.4,884,65.9,NA,NA,NA,6.7,6.7,7.5,56.523757,16.386916,14368,24.5,Suburbs to larger towns,City,5.7,76.8,Conservative,117,224,581.84855233853,39.880289532294,87.2772828507795,0.278396436525612
1783,Hagfors,175016,15.8,15.1,10.7,8.6,-2.1,828,-5.7,23.4,1251,64.3,NA,NA,NA,12.4,6.9,9.3,60.03437,13.694508,12071,28.2,Manufacturing municipalities,Rural,15.2,107.2,Left-wing,255,280,596.222351089388,45.398061469638,86.9024935796537,26.0127578493911
1981,Sala,190941,13.8,14.3,8.5,8.6,0.0999999999999996,1112,1.9,28.6,622,68.7,NA,NA,NA,11.6,10.7,12.3,59.920859,16.606328,21769,23,Municipalities in densely populated regions,Rural,20.1,180,Mixed,142,266,534.429693600992,41.7106895126097,86.7288345812853,12.7704533970325
1257,Örkelljunga,183541,9.1,9,7,6.8,-0.2,974,0.6,24,447,70,NA,NA,NA,16.9,12.2,14,56.283635,13.278832,9653,23.8,Manufacturing municipalities,Rural,19.2,118.7,Conservative,137,109,569.771055630374,45.1673055008806,86.7087951932042,0.103594737387341
1291,Simrishamn,181278,10.3,8.7,7.5,6.6,-0.9,718,-2.1,38.9,1240,69,NA,NA,NA,11.3,11.3,11,55.557396,14.348965,18951,30.9,Municipalities in densely populated regions,Rural,13.3,145.8,Conservative,130,244,556.593319613741,40.6311012611472,86.6445042477969,0.527676639755158
2161,Ljusdal,178875,15,16.8,11.9,10.3,-1.6,433,-1.1,23.2,1156,58.5,NA,NA,NA,10,11,11,61.830839,16.08175,18931,25.6,Sparsely populated municipalities,Rural,23.9,156.8,Mixed,211,257,555.913580899055,44.1075484654799,86.5775711795468,99.8890708361946
2283,Sollefteå,176100,16.6,18.5,13.2,12.1,-1.1,1009,-4.5,29.2,1814,62.8,NA,NA,NA,10.6,10.9,10,63.165407,17.277135,19623,26.9,Sparsely populated municipalities,Rural,36.3,150.7,Left-wing,217,245,595.678540488203,34.7551342812006,85.9195841614432,123.222748815166
0760,Uppvidinge,193623,9.5,13.2,7.3,9.8,2.5,603,-0.6,22.8,1993,72.1,42,56,58,21.4,5.4,14.6,56.937344,15.444602,9288,24,Manufacturing municipalities,Rural,46.8,151.5,Conservative,233,73,533.161068044789,49.2032730404823,85.1636520241171,3.76830318690784
0860,Hultsfred,177333,12.1,11.1,9.4,9,-0.4,917,-2.9,23.3,864,81.1,NA,NA,NA,17.1,11.3,14.7,57.49484,15.841651,13635,26.3,Manufacturing municipalities,Rural,25.1,192.4,Mixed,221,178,555.922258892556,49.0649064906491,84.1217455078841,1.24679134580125
1471,Götene,199583,10.5,7.8,7.8,6.2,-1.6,576,-0.4,28,996,61.3,NA,NA,NA,10.4,8.3,10.2,58.528002,13.491428,13028,22.6,Manufacturing municipalities,Rural,13,77.5,Mixed,212,41,568.467915259441,53.8071845256371,83.5891925084433,1.53515505066012
2023,Malung-Sälen,184210,6.2,5.4,5.9,4.9,-1,1223,-3.1,23.3,1001,73,38,50,61,9.4,11.4,9.4,61.17442,13.26071,10061,24.9,Tourism municipalities,Rural,19.2,175,Mixed,160,197,665.2420236557,47.2120067587715,83.4907066891959,179.604413080211
2034,Orsa,171233,10.3,11.9,9,8.9,-0.0999999999999996,1095,-2,28.3,1195,80.9,NA,NA,NA,9,8.1,13.8,61.116937,14.628071,6849,25.1,Commuter municipalities,Rural,31.3,158.9,Mixed,240,216,586.216965980435,40.5898671338882,82.9318148634837,95.9264126149803
0685,Vetlanda,198771,8.5,10.1,6.3,6.2,-0.0999999999999996,496,0.3,26.9,713,75.2,NA,NA,NA,13.9,10,7.7,57.42746,15.08533,26419,22.9,Manufacturing municipalities,Rural,19.8,146.3,Mixed,153,63,545.894999810742,44.5512699193762,81.4565274991483,1.13554638706991
1497,Hjo,192704,8.6,8.1,7.8,6.6,-1.2,693,0,30.4,1813,73.9,NA,NA,NA,7.7,6.2,7.1,58.30707,14.287466,8805,24.5,Commuter municipalities,Rural,5,140.3,Conservative,156,207,549.801249290176,39.4094264622374,81.0902896081772,0.908574673480977
1214,Svalöv,197168,8.8,10.5,7.2,8.2,0.999999999999999,1065,1.1,29.8,844,67.9,37,48,56,16.2,12.4,11.2,55.91293,13.101817,13332,18.8,Commuter municipalities,Rural,18.3,104.6,Mixed,161,221,549.80498049805,44.029402940294,80.6330633063306,0.75007500750075
1885,Lindesberg,193398,15.4,13.9,10.1,9.8,-0.299999999999999,854,0.3,26.8,332,72.8,NA,NA,NA,14.8,9.4,11.7,59.597698,15.222911,23176,23.3,Manufacturing municipalities,Rural,36,150.3,Mixed,178,279,549.79288919572,40.4297549188816,80.3417328270625,12.6423886779427
2029,Leksand,196111,6.4,7,6.5,5.5,-1,561,-0.9,36.4,1302,75.7,38,53,48,8.2,7.2,7.8,60.730308,14.999892,15157,26.4,Municipalities in densely populated regions,Rural,14.8,139.9,Mixed,174,99,593.587121462031,34.5714851223857,79.1713399749291,50.2078247674342
0767,Markaryd,180145,4.1,10.8,6.9,8.7,1.8,725,-0.9,21.4,703,76.2,52,62,59,21,8.7,12,56.461774,13.596274,9515,25.8,Manufacturing municipalities,Rural,29.1,163.1,Conservative,197,28,567.630057803468,42.8796636889122,78.507619548082,1.36626379400946
1784,Arvika,185343,13.3,12.2,9.9,8.2,-1.7,914,-1.4,30.3,374,63.9,44,58,49,12.8,9.9,8.6,59.654853,12.592136,25817,24.3,Manufacturing municipalities,Rural,12.1,174,Left-wing,144,119,561.10314908781,40.6321416121161,77.8169423248247,10.4969593678584
1273,Osby,185644,11.4,10.8,8.2,8.3,0.100000000000001,818,0.5,25.7,1081,75.8,NA,NA,NA,15.4,11.3,11.1,56.381536,13.992941,12713,24.2,Commuter municipalities,Rural,24.6,126.3,Conservative,176,77,541.571619601982,47.5104224022654,77.4010855030284,0.6292771179108
0561,Åtvidaberg,182177,10.6,10.5,9.3,7.6,-1.7,765,-7.5,23.2,1597,60.1,39,47,62,7.4,6,9.7,58.20219,15.99727,9548,26.6,Commuter municipalities,Rural,17,140.6,Mixed,210,40,644.742354419774,51.0054461667365,77.2936740678676,4.92249685798073
0764,Alvesta,198482,11.7,13.1,7.9,8.9,1,654,2.7,27.7,1591,68,30,46,56,20.4,8.9,10.9,56.89921,14.556001,19280,21.1,Commuter municipalities,Rural,46.5,142.7,Mixed,126,179,539.885892116183,37.396265560166,76.9709543568465,0.881742738589212
2506,Arjeplog,186336,14.8,9.3,9.6,6.1,-3.5,1443,-5.3,26.8,9811,62.5,NA,NA,NA,11.2,8.5,11.7,66.051505,17.890054,2980,27.3,Tourism municipalities,Rural,34.5,175.5,Mixed,257,177,615.436241610738,22.8187919463087,75.503355704698,528.523489932886
2282,Kramfors,177344,14.2,14.2,11.7,9.5,-2.2,970,-5.3,27.9,1152,65.2,NA,NA,NA,10.3,10.6,11.3,62.928433,17.786295,18450,27.9,Municipalities in sparsely populated regions,Rural,20.3,152.6,Left-wing,273,174,578.69918699187,32.7913279132791,75.1761517615176,83.9024390243902
1860,Laxå,185176,14.9,17.9,8.1,9.7,1.6,986,-4.9,22.1,3052,75.7,NA,NA,NA,14.4,9.6,7.7,58.98269,14.62289,5580,27.9,Manufacturing municipalities,Rural,16.8,146.6,Left-wing,248,175,585.304659498208,47.4910394265233,75.089605734767,4.12186379928315
0428,Vingåker,186374,10.5,13.8,9.5,10.4,0.9,1234,-1.8,22.2,2271,66,35,50,48,12,9.9,14.7,59.046478,15.876965,8835,24.9,Commuter municipalities,Rural,55.8,155.6,Left-wing,277,135,552.348613469157,43.1239388794567,74.9292586304471,3.3955857385399
0686,Eksjö,197233,7.8,10.6,5.1,6.6,1.5,1039,0.9,34.8,884,77.9,42,57,55,12.1,9.3,7.8,57.665165,14.973221,16464,24.1,Municipalities in densely populated regions,Rural,16.7,203.8,Mixed,113,53,512.512147716229,43.1243926141885,74.8299319727891,1.21477162293489
2083,Hedemora,187695,7.8,10.3,6.8,7.1,0.3,1065,-1.6,25.8,2293,72.1,NA,NA,NA,10.9,10.8,12.1,60.277545,15.985892,15021,24.3,Municipalities in densely populated regions,Rural,21.4,159.6,Mixed,206,272,584.115571533187,53.2587710538579,74.2959856201318,28.493442513814
2062,Mora,193409,9.6,10.3,8.2,7.4,-0.799999999999999,640,-0.8,32.2,823,84.6,NA,NA,NA,7.4,7.1,12,61.004878,14.537003,19998,24.7,Municipalities in sparsely populated regions,Rural,4,131.7,Mixed,117,111,618.261826182618,36.1036103610361,72.8572857285729,98.5098509850985
1760,Storfors,181928,21.8,15,14.6,12,-2.6,605,-5.7,21.5,411,60.7,NA,NA,NA,16.9,9.9,14.8,59.533208,14.272209,4131,25.7,Commuter municipalities,Rural,65.5,133.3,Left-wing,288,136,580.973129992738,43.5729847494553,72.1374969740983,14.5243282498184
2039,Älvdalen,171318,11.1,12.1,8.8,8.1,-0.700000000000001,512,0,19.3,214,44.5,NA,NA,NA,22.7,7.4,10.6,61.227306,14.041987,9953,23.3,Tourism municipalities,Rural,10.3,130,Mixed,260,163,478.247764493118,20.8982216417161,71.6366924545363,198.33216115744
2505,Arvidsjaur,190409,16.9,11.8,9.5,7.2,-2.3,587,-2.9,25.5,2699,78.7,NA,NA,NA,8.4,7.1,9.1,65.592077,19.180283,6471,27.1,Municipalities in sparsely populated regions,Rural,26.7,194.5,Mixed,201,270,580.74486169062,17.1534538711173,70.0046360686138,298.562818729717
1463,Mark,197883,7.9,7.9,6.2,5.6,-0.600000000000001,714,-0.2,28.6,177,65,NA,NA,NA,12.6,9.4,11.4,59.25,15.266667,33753,21.5,Municipalities in densely populated regions,Rural,11.2,133,Mixed,94,140,553.136017539182,49.4770835185021,68.9716469647143,1.06657186027909
0665,Vaggeryd,208130,10.4,10.1,8,6.8,-1.2,363,1.8,27.3,353,74.7,NA,NA,NA,18.9,6.8,10.3,57.498962,14.14863,13209,19.9,Manufacturing municipalities,Rural,20.3,134.6,Mixed,138,46,533.348474524945,37.6258611552729,68.5138920433038,1.43841320311909
1904,Skinnskatteberg,181208,8.7,10.1,7.7,7.3,-0.4,816,-4.6,27.1,2298,61.1,35,44,61,17.2,12.6,16.6,59.831779,15.692723,4411,27.9,Commuter municipalities,Rural,26,159.4,Left-wing,264,288,591.702561777375,39.2201314894582,68.2384946724099,15.6427114033099
0582,Söderköping,204739,7.2,7.7,6.1,5.7,-0.399999999999999,535,1.7,32.1,894,61.1,40,53,54,6.1,7.2,10.8,58.475901,16.323431,14195,22.6,Suburbs to larger towns,City,10.5,145.7,Conservative,135,211,536.033814723494,48.3973230010567,67.9112363508277,3.17013032758013
1446,Karlsborg,194168,9.1,7.4,6.7,4.8,-1.9,370,-0.5,32.7,2086,76.7,43,54,52,7,5.1,7.1,58.530085,14.510565,6757,28.2,Municipalities in densely populated regions,Rural,4.4,135.5,Conservative,131,105,562.527749001036,53.7220660056238,67.0415865028859,1.33195204972621
2481,Lycksele,191284,14.7,10,9.4,7.9,-1.5,1100,-1.7,30,717,72.5,NA,NA,NA,9.5,10,7.8,64.59581,18.676367,12270,24,Municipalities in sparsely populated regions,Rural,21.1,216.3,Left-wing,125,249,580.277098614507,34.0668296658517,66.5036674816626,229.99185004075
2183,Bollnäs,184176,14.3,13.7,11.2,10.2,-1,1086,-0.2,27.9,1265,67.5,NA,NA,NA,9.7,9.3,10.2,61.34838,16.394268,26141,25,Municipalities in sparsely populated regions,Rural,31.3,195.4,Mixed,191,242,554.301671703454,43.6096553307066,66.0648024176581,59.7146245361692
2026,Gagnef,198546,7.7,6.3,6.9,5.2,-1.7,539,-0.8,31.6,1383,73.4,NA,NA,NA,6.6,5.5,8.6,60.590983,15.070049,10023,22.6,Commuter municipalities,Rural,8.9,55.5,Conservative,186,147,617.779108051482,47.7900828095381,66.0480893943929,48.787788087399
0881,Nybro,181635,11.2,10.6,8.1,7.8,-0.3,811,-0.3,26.8,580,77.5,35,51,51,14.2,8,11.2,56.7438,15.908681,19489,24.9,Manufacturing municipalities,Rural,16,175.4,Mixed,152,269,532.248960952332,39.7147108625378,65.3188978398071,0.667042947303607
1861,Hallsberg,192650,14.8,12.9,9.7,9,-0.699999999999999,819,0.1,23.3,313,76.5,NA,NA,NA,13,11.4,12.6,59.066532,15.10229,15267,22.1,Commuter municipalities,Rural,31.6,154.2,Left-wing,170,208,546.800288203314,38.1869391498002,63.8632344271959,5.96056854653829
2284,Örnsköldsvik,198264,13.9,12,10.3,8.7,-1.6,593,-0.7,35.1,532,73.3,NA,NA,NA,8.3,8.3,6,63.290047,18.716617,54986,23.4,Larger towns,Town,16.2,140.7,Left-wing,127,126,557.560106208853,33.3539446404539,63.8526170297894,103.117157094533
0861,Mönsterås,195577,12.3,12.2,8.9,7.2,-1.7,965,-0.1,27.2,824,70.2,48,61,58,11.2,10.6,10.1,57.04158,16.44312,12949,24.8,Manufacturing municipalities,Rural,19.7,146.3,Conservative,218,54,559.657116379643,41.7020619352846,62.8619970654105,2.70291142173141
0584,Vadstena,196775,7.4,9,7,6.2,-0.8,474,-1.2,35.4,2148,75.9,42,54,61,8.9,8.8,11.9,58.447602,14.890234,7383,29.8,Commuter municipalities,Rural,18.5,188.2,Mixed,169,193,528.240552620886,31.4235405661655,62.7116348367872,2.16714072870107
1495,Skara,197300,12.4,7.7,9.1,7.3,-1.8,910,0.3,30.7,956,74.8,38,53,51,14.5,12.4,10.4,58.386013,13.439328,18580,21.2,Municipalities in densely populated regions,Rural,17.8,177.8,Conservative,101,152,508.611410118407,35.1991388589882,62.7018299246502,1.02260495156082
0617,Gnosjö,206804,8.7,7.6,8.1,6.5,-1.6,946,-2.6,19.8,659,74.7,NA,NA,NA,29.2,7,12.6,57.35804,13.73719,9406,18.6,Manufacturing municipalities,Rural,19,148.2,Conservative,234,27,551.562832234744,40.1871146076972,62.3006591537317,3.08313842228365
1764,Grums,182211,15.3,18.1,10.6,10.5,-0.0999999999999996,751,-3.5,21.7,2707,71.5,NA,NA,NA,9.7,7.9,14.3,59.353179,13.111732,8925,24.9,Manufacturing municipalities,Rural,8.3,149,Left-wing,232,145,575.574229691877,44.1456582633053,61.8487394957983,4.81792717086835
1382,Falkenberg,199870,8.4,8.8,7.6,6.5,-1.1,818,3.6,28.8,274,74.6,40,56,45,15.4,11.3,9.1,56.902733,12.488801,41912,22.9,Municipalities in densely populated regions,Rural,9.4,109.6,Conservative,78,20,530.564038938729,39.7022332506203,61.8200038175224,0.739644970414201
0662,Gislaved,204743,11.6,10,9,7.8,-1.2,665,-2.3,22.1,480,81.1,41,57,57,23.1,8.1,13.7,57.2985,13.54326,28713,19.8,Manufacturing municipalities,Rural,17.8,141.7,Conservative,173,67,535.193118099815,38.5539651029151,61.818688398983,1.4279246334413
1443,Bollebygd,220236,6.6,8.4,6.2,4.9,-1.3,362,4,33.3,158,57.1,42,57,55,9.4,6.5,11.2,57.668969,12.570143,8562,19.5,Suburbs to cities,City,10.9,71.1,Conservative,99,201,549.871525344546,53.8425601494978,61.6678346180799,1.40154169586545
1494,Lidköping,203485,11.9,11,7.7,7.4,-0.3,599,1.3,34.9,624,75.9,NA,NA,NA,10.4,11.4,7.7,58.503505,13.157077,38414,21.7,Municipalities in densely populated regions,Rural,10.8,132.5,Left-wing,48,79,542.588639558494,37.9288800957984,61.3578382881241,1.01525485500078
0682,Nässjö,195276,9.9,12.2,7.7,8.6,0.899999999999999,1186,0,28.3,789,82.5,28,47,49,16.4,12.5,8.3,57.653035,14.696725,29516,21.7,Municipalities in densely populated regions,Rural,42.5,171.2,Mixed,121,90,500.101639788589,44.11166824773,61.1193928716628,1.49071689930885
1256,Östra Göinge,186964,10.6,12.9,9.8,9.8,0,1074,0.2,23.1,639,76.9,NA,NA,NA,12.9,8.9,14.5,56.220296,14.171403,13687,22.9,Commuter municipalities,Rural,21.8,143,Mixed,215,209,547.526850295901,48.0017534887119,60.6414846204428,0.146124059326368
0381,Enköping,209678,7.6,7.3,6.2,5.4,-0.8,949,4.3,31.6,269,67.7,NA,NA,NA,13.3,11.2,11.3,59.635691,17.077823,40656,20.6,Municipalities in densely populated regions,Rural,13.8,137.4,Conservative,39,64,517.734159779614,39.379181424636,60.3109012199921,5.26367571822117
1462,Lilla Edet,197610,9.7,10,8.3,7.1,-1.2,857,0,23.5,219,62.3,NA,NA,NA,15.6,9,15,58.132158,12.124134,12829,19.7,Suburbs to cities,City,11.6,108.6,Mixed,184,255,557.253098448827,48.4059552576195,59.3966793982384,0.623587185283342
2482,Skellefteå,199070,14.2,11.7,10.1,7.7,-2.4,761,0.2,35.7,1087,79.4,42,58,52,8.2,7.3,7.8,64.750244,20.950917,71988,22.4,Larger towns,Town,20.9,141,Left-wing,85,185,515.363671723065,32.6582208145802,59.3432238706451,102.892148691449
1715,Kil,195273,13,13.3,9.1,8.2,-0.9,542,1.2,31.8,1179,72.9,NA,NA,NA,7.4,8.2,8.7,59.50368,13.317048,11810,22.2,Suburbs to larger towns,City,5.1,111.6,Mixed,179,183,554.191363251482,45.5546147332769,58.6790855207451,6.77392040643522
0188,Norrtälje,198895,5.8,5.4,4.7,4.6,-0.100000000000001,1101,2.4,28.5,233,56.7,NA,NA,NA,11.9,13.8,12.7,59.759584,18.701358,56845,25.5,Tourism municipalities,Rural,8.2,93.2,Conservative,62,94,520.696631190078,39.7220511918375,58.1581493535051,8.69029817925939
1264,Skurup,203544,9.9,11.7,7.4,7.7,0.3,739,1.6,29.6,17,72.8,NA,NA,NA,13.6,10.8,11.1,55.48045,13.502349,15025,19.6,Suburbs to cities,City,1.8,121,Conservative,109,218,549.351081530782,42.5956738768719,58.1031613976705,0.532445923460898
2184,Hudiksvall,192216,14.3,14.8,9.3,8.7,-0.600000000000001,760,-0.2,31.9,369,69.3,NA,NA,NA,9.5,12.6,9.6,61.727391,17.107401,36829,23.7,Municipalities in sparsely populated regions,Rural,16,177.2,Mixed,136,225,546.444378071628,39.5069103152407,57.2646555703386,42.4122294930625
1486,Strömstad,190158,6,4.9,4.4,3.8,-0.600000000000001,962,7.5,28.2,1004,62.3,NA,NA,NA,28.4,12,13.4,58.938346,11.179187,12480,21.7,Tourism municipalities,Rural,11.5,186.1,Mixed,105,186,540.865384615385,38.7019230769231,57.0512820512821,2.48397435897436
1060,Olofström,182967,18,18.8,13.1,12.3,-0.799999999999999,581,-2,25.4,764,79.3,45,64,63,23.6,10.1,10.1,56.277708,14.530938,12902,26.1,Manufacturing municipalities,Rural,12.3,159.9,Left-wing,239,133,544.101689660518,57.4329561308324,56.5803751356379,0.465044179197024
1276,Klippan,184025,10.9,10.7,7.8,8,0.2,993,2.3,23.5,780,73.7,NA,NA,NA,17.1,15.7,12.1,56.1349,13.129041,16715,21.7,Commuter municipalities,Rural,0.9,116.3,Conservative,124,115,552.737062518696,49.2372120849536,56.4762189650015,0.538438528268023
1884,Nora,194138,11.2,11.6,8.8,7.9,-0.9,433,0.2,31.8,448,76.6,37,51,57,12.5,10,11.4,59.519206,15.037867,10399,25.2,Commuter municipalities,Rural,23.2,165.2,Mixed,181,228,543.513799403789,37.5997692085777,55.7745937109337,17.5016828541206
1472,Tibro,187438,11.1,11.9,11,8.6,-2.4,809,0.9,24.8,434,81,45,60,59,14.2,7.8,9.1,58.424323,14.161642,10754,23.9,Commuter municipalities,Rural,33.3,131.1,Conservative,164,74,525.850846196764,48.9120327320067,55.7002045750418,1.11586386460852
0643,Habo,221363,7.6,7.4,5.1,4.3,-0.8,237,4.3,36.3,885,70.1,NA,NA,NA,7.4,6.4,6.8,57.909309,14.074366,10975,16.9,Suburbs to larger towns,City,7,71.1,Conservative,158,11,520.091116173121,39.4533029612756,55.3986332574032,1.36674259681093
1862,Degerfors,182553,12.5,10,10.3,8.3,-2,663,-3.4,22.6,1731,81.6,NA,NA,NA,12.5,12.9,13.3,59.239103,14.433918,9500,26,Commuter municipalities,Rural,28.2,138.5,Mixed,267,192,561.684210526316,46.5263157894737,54.9473684210526,4.63157894736842
0482,Flen,181549,9.3,9.9,10.2,10.4,0.200000000000001,1547,0.1,26.3,947,71.6,31,43,49,21.4,14.7,15.6,59.057938,16.587912,16156,25.8,Municipalities in densely populated regions,Rural,51.3,196.8,Left-wing,236,264,510.95568209953,33.6717009160683,54.7784104976479,2.78534290666006
0319,Älvkarleby,167207,13.1,15.5,9.3,10.6,1.3,1252,-9.6,27.7,15446,66.2,NA,NA,NA,11.3,11,11.7,60.568607,17.448913,2875,30.7,Suburbs to larger towns,City,24.1,153,Left-wing,203,164,1620.17391304348,142.95652173913,54.6086956521739,75.4782608695652
0461,Gnesta,205253,9.2,8.9,6,6.4,0.4,769,2.3,32,243,66.2,41,54,50,12.4,12.6,16,59.048348,17.307228,10409,21.6,Suburbs to larger towns,City,11.4,132.8,Mixed,122,97,501.489095974637,40.8300509174753,54.0878086271496,5.7642424824671
2061,Smedjebacken,193990,9.9,6.7,7.4,5.6,-1.8,795,-0.4,24.8,1876,68.1,NA,NA,NA,9.7,7.7,11.3,60.143193,15.415992,10691,25.9,Commuter municipalities,Rural,28.5,123.3,Left-wing,261,290,586.100458329436,49.4808717612945,53.7835562622767,28.9028154522496
1419,Tjörn,216970,4.8,4.3,4.1,3.5,-0.6,399,0.6,37.8,708,58.9,-,-,-,8.3,7.5,8.1,58.012599,11.616904,15050,24.4,Commuter municipalities,Rural,1.8,55.1,Conservative,89,72,589.36877076412,39.3355481727575,53.687707641196,2.52491694352159
1081,Ronneby,185154,14.8,16.9,10.3,11.6,1.3,829,-2.2,32.3,372,75.6,35,52,49,13.9,10.1,9.9,56.210434,15.276023,27871,24.7,Municipalities in densely populated regions,Rural,23.1,167.4,Mixed,182,234,547.020200208102,40.9027304366546,53.4964658605719,0.681712173944243
1762,Munkfors,167221,17.9,16.7,11.1,9.7,-1.4,766,-4.1,20.5,4336,80.8,NA,NA,NA,10,11.2,10.7,59.835347,13.534415,3656,29.3,Manufacturing municipalities,Rural,12.5,118.3,Left-wing,242,78,597.374179431072,44.5842450765864,53.3369803063457,14.7702407002188
1383,Varberg,209593,7.1,5.9,5.9,4.9,-1,621,5.8,36,178,72.5,NA,NA,NA,12,9.8,7.2,57.107118,12.252091,59936,21.9,Larger towns,Town,4.9,165.7,Conservative,23,80,527.312466631073,40.7768286171917,53.0065403096636,1.05112119594234
1493,Mariestad,190391,13.7,12.8,9.7,9,-0.699999999999999,842,0.2,30.1,684,76.5,33,44,48,11.7,11.9,8.4,58.710112,13.821333,23870,25.2,Municipalities in densely populated regions,Rural,15,121.3,Mixed,114,226,528.780896522832,36.5312107247591,52.8278173439464,1.21491411813992
0586,Mjölby,199966,13.3,10.7,9.3,7.2,-2.1,657,2.6,29.1,1083,79.6,43,58,50,9.9,16.8,9.8,58.322691,15.133535,26313,21.3,Municipalities in densely populated regions,Rural,11.5,175.3,Mixed,103,96,535.400752479763,37.0919317447649,52.8255995135484,1.1401208528104
1275,Perstorp,174997,9.9,10.4,8.1,9.1,1,1191,2.4,21.9,270,80.2,32,45,51,24.1,13.2,19.1,56.137972,13.394986,7139,21.2,Manufacturing municipalities,Rural,23.8,155.3,Mixed,200,202,472.615212214596,37.2601204650511,52.8085165989634,0.420226922538171
1984,Arboga,189118,14.4,11.2,10.1,8.9,-1.2,726,1.4,30.2,203,81.5,42,52,52,13.3,11.2,12.3,59.393688,15.838175,13493,24.9,Manufacturing municipalities,Rural,20.2,233.4,Mixed,190,196,523.011932112948,37.3527014007263,52.1010894537909,6.22545023345438
1083,Sölvesborg,186399,14.9,16.9,9.9,9.6,-0.300000000000001,714,-0.2,29.3,503,76.6,48,61,60,13.3,8.6,10.3,56.053743,14.579688,16800,24.8,Municipalities in densely populated regions,Rural,8.8,120.8,Left-wing,167,127,553.392857142857,42.3214285714286,51.7857142857143,0.654761904761905
2514,Kalix,186964,19.5,15.8,13.6,10.8,-2.8,885,-4.5,29.5,1003,79.7,NA,NA,NA,10.8,9.9,11.8,65.855281,23.143965,16387,26.7,Municipalities in sparsely populated regions,Rural,12.6,132.6,Mixed,259,259,573.259290901324,24.2265210227619,51.5652651492036,146.823701714774
0683,Värnamo,186539,10.9,9.3,7.9,6.5,-1.4,1015,-1.3,31.3,472,80.5,NA,NA,NA,10.5,9.1,8.8,57.183161,14.047821,35867,26.5,Manufacturing municipalities,Rural,14.6,157.1,Conservative,79,44,495.748180778989,32.258064516129,51.5236847241197,0.724900326205147
1267,Höör,205517,8.1,8.9,5.7,5.4,-0.3,953,4,39.2,531,71.3,NA,NA,NA,13.1,12,10.4,55.934859,13.53959,15637,19.9,Suburbs to larger towns,City,3.7,84.2,Conservative,102,150,531.559762102705,47.0678518897487,51.4165121186928,0.511607085758138
1864,Ljusnarsberg,167961,12,10.5,9.9,8.8,-1.1,1251,-5,21.9,4487,72.1,NA,NA,NA,16.6,10.7,16,59.883333,14.983333,4875,28.3,Manufacturing municipalities,Rural,9.4,140.3,Left-wing,287,106,563.897435897436,38.7692307692308,50.0512820512821,27.6923076923077
1492,Åmål,208448,14,15.4,11.9,10.3,-1.6,476,2.3,32.9,638,70.4,39,53,53,19.9,9.4,10.2,59.051117,12.697732,15759,21,Municipalities in densely populated regions,Rural,20.4,166.7,Mixed,226,261,400.279205533346,26.2707024557396,49.432070562853,1.26911606066375
1960,Kungsör,197145,11.9,9.9,9.2,8.8,-0.399999999999999,636,0.1,26.5,335,76,34,47,61,15.5,12.6,13.4,59.422397,16.097786,8175,23.5,Commuter municipalities,Rural,23.6,169.7,Mixed,249,251,548.501529051988,51.0091743119266,48.8073394495413,3.91437308868502
1285,Eslöv,203186,7.7,9.8,6.4,6.9,0.5,962,2.6,34.1,568,80.8,NA,NA,NA,19,13.8,11.2,55.83912,13.303391,31920,18.3,Suburbs to larger towns,City,15.1,129.7,Mixed,58,156,497.399749373434,40.2882205513785,48.7781954887218,0.37593984962406
0562,Finspång,196215,10.5,13.3,7.1,8.7,1.6,708,1.5,28.6,867,79.9,NA,NA,NA,14.1,9.5,10.9,58.707488,15.773595,20903,24,Manufacturing municipalities,Rural,20.1,178.2,Mixed,162,137,517.533368416017,43.0081806439267,46.8353824809836,3.97072190594651
0642,Mullsjö,203738,10.1,8.5,6.7,5.6,-1.1,753,-0.7,30,1559,87.5,NA,NA,NA,10.8,6.2,10.7,57.916599,13.877317,7039,22,Commuter municipalities,Rural,8.4,123.1,Conservative,199,19,511.15215229436,39.778377610456,46.5975280579628,1.9889188805228
2084,Avesta,196154,9.9,11.3,7.6,7.4,-0.199999999999999,1107,-1.6,25,237,79.2,42,53,47,12.1,12.9,10.4,60.14533,16.17384,21582,24.6,Manufacturing municipalities,Rural,31.7,161.7,Left-wing,123,181,567.139282735613,50.9220646835326,45.7325549068668,23.3064590862756
0882,Oskarshamn,206153,12.4,12.9,6.4,6.5,0.0999999999999996,706,-0.4,29.9,412,84.4,NA,NA,NA,13.9,7.6,8.6,57.265699,16.447398,26212,23.4,Manufacturing municipalities,Rural,11,169.9,Left-wing,108,227,534.86952540821,40.2487410346406,45.5516557301999,1.44971768655578
2510,Jokkmokk,180599,13.8,13.5,10.1,8.2,-1.9,770,-4.5,31.8,2386,74.4,33,45,49,10.1,9.2,7.9,66.606961,19.822921,5066,26.5,Tourism municipalities,Rural,32.1,171.1,Mixed,207,229,593.170153967627,24.0821160679037,45.00592183182,379.194630872483
1781,Kristinehamn,180847,13.3,13.5,10.4,10.3,-0.0999999999999996,869,0,30.1,753,81.7,NA,NA,NA,12.2,12.2,11.9,59.310068,14.108919,23949,24.9,Municipalities in densely populated regions,Rural,20.9,158,Mixed,172,76,509.123554219383,40.9620443442315,44.051943713725,3.75798571965427
1962,Norberg,189217,10.9,12.8,8.1,7.7,-0.399999999999999,1355,-2.5,23.4,2345,78.9,41,44,50,11.6,13.2,12.3,60.065042,15.923796,5608,25.7,Commuter municipalities,Rural,23.1,182.6,Left-wing,241,283,551.176890156919,44.7574893009986,44.0442225392297,19.0798858773181
1983,Köping,191269,16,12.9,11.1,9,-2.1,1169,2,26.3,542,82.9,NA,NA,NA,20.1,9.8,11.2,59.512096,15.99451,25237,22.8,Manufacturing municipalities,Rural,31.8,201.1,Left-wing,113,200,511.431628164996,34.9090620913738,43.9037920513532,4.39830407734675
2583,Haparanda,169131,22.6,17.4,17.2,12.1,-5.1,951,-2.8,22.7,1560,76.9,NA,NA,NA,42.2,10,17.1,65.841708,24.127664,9886,24.9,Municipalities in sparsely populated regions,Rural,14,156,Left-wing,271,275,536.01051992717,22.6583046732753,43.900465304471,77.7867691685211
1290,Kristianstad,193898,10.6,13,8.4,9.9,1.5,1120,3.9,37.5,170,82.5,NA,NA,NA,19.8,12.9,8.7,56.029394,14.156678,81009,20.9,Larger towns,Town,34,169.3,Conservative,46,142,486.476811218507,35.6133269142935,43.4889950499327,0.41970645236949
1080,Karlskrona,197159,11.4,12,8.2,8.9,0.700000000000001,740,1.8,44.2,355,80.8,NA,NA,NA,14,10.4,7.1,56.161224,15.5869,63912,20.9,Larger towns,Town,19.9,180,Conservative,55,155,494.555013143072,32.5916885717862,43.4503692577294,0.531981474527475
1782,Filipstad,171335,18.3,14.8,12.4,10.7,-1.7,1146,-1.1,19.7,5417,80.2,NA,NA,NA,13.4,13.1,12.8,59.713997,14.169844,10563,27,Manufacturing municipalities,Rural,44.2,138,Left-wing,231,237,535.548613083404,42.980213954369,42.6015336552116,29.253053109912
0483,Katrineholm,188125,13.4,14.6,10.7,10.6,-0.0999999999999996,1436,2.2,29.1,226,82,NA,NA,NA,18.8,20.6,11.7,58.995551,16.205476,32930,22.2,Municipalities in densely populated regions,Rural,40.4,222.9,Mixed,128,121,471.36349832979,35.2262374734285,42.2714849681142,3.46188885514728
1763,Forshaga,189310,13.2,14.6,9.7,9.1,-0.6,1036,-1.1,30.1,1130,81.6,NA,NA,NA,8.5,9.2,9.8,59.52976,13.486084,11292,22.4,Suburbs to larger towns,City,12.4,113,Left-wing,224,206,536.486007793128,46.8473255402055,41.888062345023,5.57917109458023
2262,Timrå,197551,14.6,13,11.4,10.2,-1.2,958,0.5,27.3,894,80.8,NA,NA,NA,10.4,9.6,11.9,62.485456,17.324865,18062,21.7,Suburbs to larger towns,City,29.7,105,Left-wing,188,57,537.371276713542,41.8558299191673,41.4129110840438,68.0434060458421
0687,Tranås,187530,10.3,10.8,7.6,7.6,0,945,0.7,27.6,233,84.2,NA,NA,NA,13.3,8.9,9.3,58.035518,14.975696,18197,24,Manufacturing municipalities,Rural,20.2,223.5,Conservative,154,29,472.99005330549,32.7526515359675,40.9408144199593,0.494587019838435
2104,Hofors,190365,16.4,17.4,10.1,10.1,0,725,-3.9,21.9,4871,77.8,32,40,47,12.8,14.3,13.5,60.54595,16.2841,9511,25.2,Manufacturing municipalities,Rural,40.5,151.2,Left-wing,274,281,556.72379350226,48.1547681631795,40.9000105141415,32.9092629586794
1272,Bromölla,190230,15.9,20.2,9.2,11.4,2.2,705,1.1,24,877,83.7,35,50,47,14.2,8,9.9,56.074362,14.477659,12336,22.9,Commuter municipalities,Rural,17.1,111,Left-wing,227,143,524.724383916991,46.5304798962387,40.8560311284047,0.486381322957198
2182,Söderhamn,180575,16.5,13.3,12.6,10.4,-2.2,1211,-2.1,25.7,1064,76.2,33,51,48,10.3,11.3,11.3,61.305576,17.06281,25442,25.9,Municipalities in sparsely populated regions,Rural,35,194.5,Mixed,244,198,548.188035531798,35.2173571260121,40.7593742630296,42.0564421036082
1484,Lysekil,192300,9.4,6.9,6.6,5.6,-1,814,-2,32.3,252,74.6,NA,NA,NA,12.9,13.8,9.9,58.275573,11.435558,14369,26.9,Tourism municipalities,Rural,21.4,202.6,Mixed,111,278,521.817802213098,39.7383255619737,40.7126452780291,0.974319716055397
1286,Ystad,201215,9.3,12.8,6.6,6.9,0.300000000000001,744,2.7,37.2,435,81.5,NA,NA,NA,10.3,12.7,6.8,55.429505,13.820031,28623,25.6,Municipalities in densely populated regions,Rural,7.1,161,Conservative,33,92,511.756279914754,34.6923802536422,40.4220382210111,0.524054082381302
1489,Alingsås,206737,9.4,8.8,7.4,6.3,-1.1,862,3.7,39.2,653,77.7,42,57,51,11.9,10.4,9,57.930021,12.536211,38619,21.2,Commuter municipalities,Rural,16.9,160,Conservative,48,173,476.941401900619,38.452575157306,39.6695926875372,1.34648748025583
1496,Skövde,208335,9.9,8.9,8.4,7.3,-1.1,1022,4.4,39,398,85.2,42,59,50,15.5,9.6,6.7,58.390278,13.846121,52859,18.7,Larger towns,Town,17.5,201.1,Conservative,42,55,516.581849826898,40.4850640382905,39.6148243440095,0.870239694281012
0761,Lessebo,187284,12.7,18.1,11,12.2,1.2,844,-0.3,26.7,3312,87.3,36,50,61,20.3,13.5,14.9,56.751264,15.270001,8059,23.6,Commuter municipalities,Rural,69.9,146.7,Left-wing,225,248,482.938329817595,29.0358605286016,39.4589899491252,0.86859411837697
2581,Piteå,201540,13.5,10.9,9.1,7.5,-1.6,584,0.9,34.1,565,82.2,41,59,43,5.7,9.7,7.1,65.316698,21.480036,41278,21.8,Municipalities in sparsely populated regions,Rural,5.3,190,Left-wing,69,213,571.466640825621,31.6149038228596,39.2460875042395,137.652018024129
2181,Sandviken,197346,15.5,15.4,11.1,11,-0.0999999999999996,789,1,30.1,847,85.3,37,51,44,14.4,9.3,10.6,60.621607,16.775918,37250,23.5,Manufacturing municipalities,Rural,41.9,171.9,Mixed,150,268,524.563758389262,44.3221476510067,38.1208053691275,33.8523489932886
2080,Falun,204517,8.8,7,7.6,6.4,-1.2,884,2.7,42,369,82.8,NA,NA,NA,10.5,11.5,7.9,60.60646,15.6355,56767,20.4,Larger towns,Town,13.8,196.9,Mixed,57,191,512.339915796149,36.6057744816531,37.662726584107,33.8224672785245
1277,Åstorp,175831,10.1,9.2,9.6,8.9,-0.699999999999999,744,-2.5,28.6,1540,79,NA,NA,NA,12.7,9.5,15.2,56.134262,12.945908,12229,26.2,Suburbs to larger towns,City,18.7,154.7,Mixed,149,131,613.623354321694,43.3396025840216,37.533731294464,0.327091340256767
1415,Stenungsund,227264,5.8,6.1,4.9,3.8,-1.1,634,5.4,38.1,496,73.7,39,55,49,11,9.1,8.2,58.067839,11.829435,24932,18.6,Commuter municipalities,Rural,8.4,110.3,Conservative,59,66,528.036258623456,37.0608053906626,37.0206962939195,2.04556393390021
1482,Kungälv,224289,5.7,4,4.7,3.5,-1.2,568,4.6,38.3,312,68.9,NA,NA,NA,10.2,9.8,8.9,57.869754,11.974032,42109,19.9,Suburbs to cities,City,4.3,101.2,Conservative,28,182,520.648792419673,36.7617373958061,35.8830653779477,1.21114251110214
2523,Gällivare,214445,9.8,9.4,7.2,6.7,-0.5,971,-1.9,26.3,79,85.3,33,46,42,8.8,9.6,10,67.1379,20.659362,18339,23.8,Manufacturing municipalities,Rural,10.5,204.1,Left-wing,129,233,609.956922405802,25.0286275151317,35.7162331642947,237.581111292873
1485,Uddevalla,197137,12.8,10.7,9,7.6,-1.4,879,3.6,35.7,502,76.7,NA,NA,NA,16.2,13.6,9,58.3498,11.935649,53025,20.8,Larger towns,Town,18.6,185.5,Conservative,40,171,491.636020744932,31.4191419141914,35.6435643564356,1.13154172560113
2380,Östersund,196228,11.6,10.3,9.1,7,-2.1,1106,1.8,43,798,85.1,NA,NA,NA,8.7,11.8,7,63.176683,14.636068,59956,20.3,Larger towns,Town,16.3,209,Mixed,27,144,502.585229168057,30.0720528387484,35.4093001534459,103.325772232971
1863,Hällefors,175658,14.8,15.1,11.5,11,-0.5,623,-3.4,23.5,1534,60.3,NA,NA,NA,10.1,9.9,9.9,59.783688,14.522569,10281,27.9,Municipalities in densely populated regions,Rural,37.2,163.9,Mixed,269,286,351.91129267581,25.8729695554907,35.4051162338294,15.9517556657913
0480,Nyköping,206076,12.1,10.2,8,7.1,-0.9,1035,4.1,34.4,446,81.9,38,53,47,14.9,16.3,9.4,58.752844,17.009159,53038,23.1,Larger towns,Town,18.6,159.4,Mixed,43,107,516.441042271579,35.9742071722161,35.2765941400505,3.09212262905841
1082,Karlshamn,187859,12.5,12.6,9.1,9.4,0.300000000000001,726,1,34.5,628,82.6,NA,NA,NA,12.9,13.6,8.4,56.170303,14.863073,31272,24.3,Municipalities in densely populated regions,Rural,20.4,163.6,Mixed,134,210,525.070350473267,45.0243028907649,34.9833717063187,0.543617293425429
0583,Motala,189606,12.2,13.5,10.1,9.8,-0.299999999999999,834,0.6,28.8,694,83.9,43,56,50,14.3,11.7,12.2,58.538034,15.047094,42187,21.7,Municipalities in densely populated regions,Rural,30.7,213.9,Mixed,142,215,503.425225780454,35.3426410979686,34.7026335126935,1.56446298622798
2582,Boden,196841,12.6,14.7,8.6,8.6,0,1146,1.1,37.9,463,83.9,36,50,41,10.1,9.8,10.9,65.825119,21.688703,27838,22.8,Municipalities in sparsely populated regions,Rural,23.2,202.1,Mixed,140,274,545.29779438178,29.4561390904519,34.5211581291759,127.415762626625
1881,Kumla,208187,12.1,10.6,8.8,7.2,-1.6,1115,3.7,28.6,802,85.4,40,56,43,13.1,12.7,9.8,59.126536,15.140105,20904,18.7,Suburbs to larger towns,City,23.5,175.9,Left-wing,100,62,512.868350554918,35.3042479908152,33.0558744737849,3.58783008036739
1442,Vårgårda,196185,8.9,11,7.9,7.1,-0.800000000000001,811,1,35,126,79.5,NA,NA,NA,13.3,12.5,11.4,58.032304,12.808976,37369,22,Commuter municipalities,Rural,26,107.8,Conservative,133,13,159.972169445262,14.0223179640879,32.7811822633734,0.2943616366507
1427,Sotenäs,199877,6.3,7.8,5.7,4.9,-0.8,717,-2.6,31,1125,77.7,NA,NA,NA,9.7,11.6,12,58.452818,11.349068,8928,29.6,Tourism municipalities,Rural,6,149.9,Conservative,147,254,548.72311827957,40.8826164874552,31.6980286738351,1.90412186379928
2281,Sundsvall,205001,12.3,12,9.7,8.5,-1.2,1088,2.1,38.4,224,84.1,36,53,43,11.9,20.2,9.7,62.390811,17.306927,96978,20.8,Larger towns,Town,16.9,136.1,Mixed,53,153,496.617789601765,33.1415372558725,31.5019901420941,53.3007486233991
2361,Härjedalen,187237,10.6,12,7.2,8,0.8,1232,-0.8,38.2,1425,78.4,42,54,43,12.1,10.3,8.2,62.369341,13.407971,24509,24.9,Tourism municipalities,Rural,22.9,161.7,Mixed,229,271,263.984658696805,15.4229058713126,31.3762291403158,121.465584071158
0305,Håbo,170664,2.9,4.1,4,4,0,974,-5.1,22.2,1711,75.1,NA,NA,NA,16.7,8.7,13.5,59.627071,17.452298,6982,28.6,Suburbs to cities,City,5.4,77.8,Mixed,72,71,1418.93440274993,111.286164422801,31.223145230593,23.3457462045259
0330,Knivsta,250830,3.3,4.9,3.5,3.5,0,379,9.3,48.3,597,66.3,47,56,59,12.8,7,8.2,59.72612,17.792036,15580,13.2,Suburbs to larger towns,City,7.7,50.7,Conservative,77,15,478.048780487805,33.5044929396662,30.9370988446727,8.2798459563543
1287,Trelleborg,197888,11,13.2,8.3,8.4,0.0999999999999996,857,3.1,29.7,591,81.6,NA,NA,NA,18.8,10.5,11.5,55.376243,13.157423,42837,21,Commuter municipalities,Rural,4.4,125.5,Conservative,75,253,507.435161192427,37.6076756075355,30.5110068398814,0.163410136097299
2560,Älvsbyn,190103,13.6,10.6,10.9,8.8,-2.1,1159,2.7,22.3,453,91.9,NA,NA,NA,26.7,18.2,11.5,65.677136,20.992866,14927,17.8,Municipalities in sparsely populated regions,Rural,26.7,158.4,Left-wing,243,101,321.162993233738,17.887050311516,30.1467140081731,103.838681583707
0880,Kalmar,197474,7.6,8.9,7,7.3,0.3,917,3.6,43.5,917,87.9,45,62,49,13.3,10.9,6.7,56.663445,16.356779,63887,19.3,Larger towns,Town,18.1,207.6,Mixed,32,149,488.362264623476,27.9086512122967,29.9434939815612,0.516537010659446
2085,Ludvika,192968,8.4,9.3,7,7.2,0.2,1042,0.7,30.2,1142,88.1,NA,NA,NA,13.9,9.1,9.9,60.152358,15.191639,25712,24.7,Manufacturing municipalities,Rural,37.6,186.6,Left-wing,132,230,535.119788425638,39.3590541381456,29.8304293714997,30.997199751089
1440,Ale,218334,8.5,7.3,6.8,5.5,-1.3,691,2.7,31.5,486,79.5,NA,NA,NA,17.3,11.4,11.8,57.841175,12.029249,28074,17.9,Suburbs to cities,City,7,107.9,Mixed,61,61,482.296787062763,38.43413834865,29.7784426871839,1.78100733775023
0486,Strängnäs,219111,7.8,8.9,7,6.7,-0.3,976,5.3,36.1,554,76.2,32,46,45,14.9,17.7,12.7,59.377452,17.032119,33389,21.3,Commuter municipalities,Rural,10.1,163.7,Mixed,84,203,508.760370181796,37.1080295905837,29.0514840216838,4.79199736440145
1260,Bjuv,190597,9.5,9.3,9.3,9.1,-0.200000000000001,986,1.3,19.7,35,91.8,NA,NA,NA,24,14.7,15.6,56.087102,12.912505,14801,18.6,Suburbs to larger towns,City,13.5,97.1,Left-wing,180,188,527.396797513681,42.7673805823931,27.7683940274306,0.270252009999324
1284,Höganäs,215121,7.9,6.4,6.5,5.5,-1,482,3.4,43.3,254,89.2,NA,NA,NA,13.6,8.6,6.2,56.200639,12.555329,25084,24.8,Commuter municipalities,Rural,6,106.6,Conservative,82,14,516.305214479349,36.9558284165205,27.7467708499442,0.757454951363419
2280,Härnösand,242647,11.5,11,9.7,8.9,-0.799999999999999,602,6.4,47.2,353,86.3,NA,NA,NA,12.4,14.2,9.3,62.63227,17.940871,35732,15.5,Municipalities in sparsely populated regions,Rural,31.6,162,Mixed,163,223,335.945371095936,22.892645247957,27.5663271017575,30.7567446546513
1263,Svedala,228107,7.2,8.3,5.4,5.3,-0.100000000000001,404,3.5,36,651,84,47,61,63,11.2,8.8,9.2,55.508908,13.23711,20067,17,Suburbs to cities,City,4.8,74.1,Mixed,90,140,524.891613096128,44.6504210893507,26.5610205810535,0.39866447401206
0680,Jönköping,207039,6.9,7.5,6,6,0,800,4.5,42.3,334,89.8,45,59,54,19,12.5,6,57.782614,14.161788,130798,18.8,Larger towns,Town,15.9,194.3,Conservative,22,50,470.519426902552,28.0508876282512,26.1166072875732,0.993898989281182
1961,Hallstahammar,191987,14.5,13,10.2,9.7,-0.5,921,3.4,26,1415,88.1,43,57,52,18.8,17.1,13.4,59.613204,16.229476,15524,23.5,Commuter municipalities,Rural,40,187,Left-wing,155,81,515.26668384437,37.4259211543417,25.8953877866529,6.31280597784076
0488,Trosa,233264,6.7,6.4,5.1,5.2,0.100000000000001,668,2.8,33,365,82.2,56,63,66,14,12.5,14.1,58.898514,17.551353,11680,21.9,Suburbs to larger towns,City,9.5,119.3,Conservative,119,4,515.325342465753,33.6472602739726,25.5993150684931,6.84931506849315
2081,Borlänge,196163,7.8,7.9,7.7,7.4,-0.3,1153,3.8,31.4,124,90.4,NA,NA,NA,17.1,16.8,9.9,60.484304,15.433969,50023,19.5,Municipalities in densely populated regions,Rural,50.9,177.2,Left-wing,73,139,505.42750334846,36.3432820902385,24.8885512664174,27.1275213401835
1384,Kungsbacka,241204,5.9,4.9,5,3.7,-1.3,433,6.5,45.8,423,79.3,45,63,56,8.2,9.8,6.6,57.487492,12.076193,77390,18.9,Suburbs to cities,City,1.9,78.8,Conservative,48,110,518.878408063057,36.8910711978292,24.7447990696472,1.227548778912
2580,Luleå,206110,11.3,9.2,9.3,7.4,-1.9,894,2.7,45.4,494,88.9,47,64,51,11.2,11,7.5,65.584819,22.156703,75383,19.2,Larger towns,Town,13,217.8,Left-wing,36,85,500.444397277901,24.4352174893544,23.5596885239378,86.0273536473741
2480,Umeå,203009,7.8,6.5,6.9,5.7,-1.2,788,5,57.1,454,88.4,41,61,50,12.8,7.4,5.3,63.825847,20.263035,118349,15.7,Larger towns,Town,8.7,234.2,Left-wing,17,124,426.222443789132,25.7458871642346,23.4391503096773,66.9883142231873
2584,Kiruna,228488,9.1,5.5,6.1,4,-2.1,953,0.4,29.8,527,90.4,NA,NA,NA,10.8,11.2,11.2,67.8558,20.225282,23196,20.2,Municipalities in sparsely populated regions,Rural,8.1,186.3,Left-wing,66,273,579.280910501811,22.8056561476117,23.4092084842214,296.689084324884
1230,Staffanstorp,234158,6.8,6.6,4.9,4.7,-0.2,569,4.6,46.5,460,88.9,44,59,48,14.8,12.8,7.6,55.641065,13.212229,22672,18.7,Suburbs to cities,City,5.8,80.7,Conservative,82,16,506.395553987297,36.9177840508116,23.1563161609033,0.0882145377558222
1880,Örebro,200347,8.6,8.5,8.6,7.8,-0.8,1149,6.3,44.7,461,88.3,44,57,46,20,16.4,7.2,59.275263,15.213411,140599,17.7,Larger towns,Town,24.5,277.7,Mixed,13,116,445.124076273658,25.6687458659023,23.0869351844608,3.49931365087945
1780,Karlstad,199197,8.4,8.2,8.1,7.6,-0.5,776,4.5,46.7,373,89.3,47,64,51,13.4,11.8,5.6,59.379136,13.500804,87786,19.6,Larger towns,Town,10.8,220.6,Mixed,26,60,471.476089581482,30.0047843619712,22.9649374615542,4.04392499943043
1380,Halmstad,203764,7.9,9.2,7.3,7.4,0.100000000000001,1076,4.3,40.4,122,90.7,NA,NA,NA,19.3,12.4,7.2,56.674375,12.857788,94084,20.3,Larger towns,Town,7.53,213.5,Conservative,22,93,486.692742655499,32.5985289741082,22.8838059606309,0.531439989796352
1488,Trollhättan,195484,14.4,14.4,12.2,13.1,0.9,1138,3.8,36.1,362,90.6,NA,NA,NA,23.1,13.5,7.5,58.283489,12.285821,56573,18.4,Larger towns,Town,35.6,196.1,Left-wing,76,138,472.133349831192,28.1229561805101,22.6786629664328,3.09334841708942
0580,Linköping,203774,7.1,6.1,7,6.2,-0.8,747,5.9,52.7,330,89.4,NA,NA,NA,18.4,14.8,5.1,58.410807,15.621373,150202,17.2,Larger towns,Town,24,253.6,Mixed,12,34,421.918483109413,25.0595864236162,21.3379315854649,1.07188985499527
1907,Surahammar,195314,14.6,14.7,9.4,8.4,-1,722,-2.3,21.6,1502,92.1,NA,NA,NA,19.2,11.4,14,59.707226,16.226841,9834,24.3,Commuter municipalities,Rural,34.8,105.3,Left-wing,253,238,547.386617856416,45.8612975391499,21.2527964205817,14.2363229611552
1261,Kävlinge,233656,4.2,6.9,4.7,5,0.3,507,4.8,43.3,255,90.5,43,61,61,10.4,10.9,6.9,55.794,13.110429,29600,18,Suburbs to larger towns,City,3.8,98.9,Conservative,63,32,527.871621621622,44.2905405405405,21.2162162162162,0.912162162162162
1883,Karlskoga,193030,12.4,11.2,9.8,8.7,-1.1,875,-0.5,28.8,677,91.3,NA,NA,NA,15.3,16.2,11.4,59.328634,14.536414,29728,24.4,Manufacturing municipalities,Rural,19.9,126.3,Left-wing,107,247,507.602260495156,38.5495156081808,20.8893972012917,5.41576964477933
0484,Eskilstuna,190990,13.9,12.8,12.3,11.9,-0.4,1444,5.2,33.7,347,88.2,35,56,45,25.9,25.1,10,59.371249,16.509804,99729,19.5,Larger towns,Town,39.2,224.8,Left-wing,54,180,448.415205206109,28.4872003128478,20.535651615879,3.18864121769997
0115,Vallentuna,248185,2.8,2.8,3,2.6,-0.4,851,9.2,41.8,473,82.3,37,56,51,15.8,14.8,9,59.5357,18.078017,31616,14.9,Suburbs to cities,City,7.488,14.1,Conservative,44,69,450.879301619433,35.4567307692308,19.8317307692308,5.25050607287449
1980,Västerås,206417,10.4,10,8.4,8.4,0,944,5.9,46.3,498,86.1,NA,NA,NA,20.3,12.2,9.5,59.6099,16.544809,85822,18.2,Larger towns,Town,20.9,171.1,Mixed,15,39,754.94628416956,39.7450537158304,19.3773158397614,7.52720747593857
0380,Uppsala,209707,4.4,3.7,5.2,4.6,-0.600000000000001,904,7.6,58.3,592,87.3,NA,NA,NA,22.1,13.5,5.2,59.858564,17.638927,205199,16,Larger towns,Town,11.3,162.9,Conservative,4,123,378.179230892938,19.4689057938879,19.1375201633536,5.16571718185761
0581,Norrköping,195771,9.2,11.8,9.5,10.3,0.800000000000001,1176,4.4,35.8,643,90.1,NA,NA,NA,20.6,12.4,9.2,58.587745,16.192421,133749,18.8,Larger towns,Town,30.7,234.9,Left-wing,34,189,432.287344204443,28.0076860387741,19.1178999469155,1.18131724349341
0192,Nynäshamn,209115,5.1,6.8,5.5,6.1,0.6,1691,5.1,29.2,557,80.3,37,47,45,18.4,18.7,15.1,58.902926,17.946529,26796,21.1,Suburbs to cities,City,8.6,151.7,Mixed,86,243,419.428272876549,35.303776683087,19.0700104493208,3.69458128078818
1490,Borås,200005,8,7.9,7.8,7.2,-0.6,1045,4.4,35.6,502,89.6,43,60,45,23.4,10.8,9.7,57.721035,12.939819,105995,19.1,Larger towns,Town,21,211.3,Mixed,31,36,463.767158828247,29.8976366809755,18.6801264210576,0.93400632105288
2460,Vännäs,244117,12.1,14.7,6.6,7.2,0.600000000000001,832,6.4,39.9,688,75.7,32,46,50,13.3,11.7,10.4,63.908007,19.752965,39784,15.6,Commuter municipalities,Rural,17.9,112.4,Left-wing,115,236,114.945706816811,8.6718278705007,18.4747637241102,29.5847576915343
0140,Nykvarn,250676,5,6.6,4,4,0,515,5.4,32.8,678,75.4,38,53,53,12.6,8.6,12.5,59.178177,17.427816,9523,16.4,Suburbs to larger towns,City,5.7,77.7,Conservative,106,146,490.076656515804,40.1134096398194,17.8515173789772,4.83041058489972
1233,Vellinge,247377,4.5,5.2,4.2,4.3,0.0999999999999996,402,2.9,51,57,90.5,NA,NA,NA,9.3,8.1,5.7,55.473533,13.021845,33807,21.9,Suburbs to cities,City,1.2,40.2,Conservative,64,5,549.087467092614,31.1769751826545,17.2745289437099,0.325376401337001
0125,Ekerö,256681,2,2.5,2.7,2.8,0.0999999999999996,634,6.4,46.5,338,72.9,NA,NA,NA,13.3,13.9,9.2,59.279834,17.790225,26355,16.3,Suburbs to cities,City,4.1,49.4,Conservative,68,58,452.21020679188,33.8835135647885,16.9607285145134,4.40144185164105
2180,Gävle,200990,13.2,13.5,10.9,10.9,0,1107,4,38.1,288,92.5,33,49,42,15.6,11.8,9.4,60.67488,17.141273,97236,19.7,Larger towns,Town,24.8,217.4,Left-wing,52,235,448.835822123493,33.958616150397,15.7760500226254,21.4118227816858
1982,Fagersta,195248,13.2,16.2,8.1,9.5,1.4,1103,4.9,22.8,1610,89.4,NA,NA,NA,23.6,10.4,11.7,59.989144,15.816642,12872,23.5,Manufacturing municipalities,Rural,59.6,118.9,Left-wing,196,265,499.844623990056,27.4238657551274,15.6929770043505,12.2747047855811
1441,Lerum,238430,5.3,4.3,4.6,3.4,-1.2,511,3.2,44.4,279,88.5,38,55,53,11.2,13.8,7.6,57.769484,12.26882,39319,17.6,Suburbs to cities,City,5.3,50.7,Conservative,67,75,474.477987741296,36.1911544037234,14.1661792008952,1.16991785142043
0120,Värmdö,210609,3.6,3.7,3.9,3.6,-0.3,700,1,29.2,553,78.2,NA,NA,NA,23,9.2,9.8,59.333333,18.383333,33155,20.6,Suburbs to cities,City,8.7,58.5,Conservative,51,176,508.158648770924,36.5254109485749,13.4519680289549,8.77695671844367
0883,Västervik,209520,13.2,13.5,9.3,9.2,-0.100000000000001,1126,5.5,42.6,301,93.3,43,62,50,23.1,21.7,11.8,57.757716,16.636976,142131,19.3,Municipalities in densely populated regions,Rural,15.7,172.2,Mixed,159,169,127.50912890221,9.70231687668419,12.9035889425952,0.802076957173312
1282,Landskrona,182892,13.4,14.3,11.3,11.7,0.399999999999999,1251,5.4,30.4,110,92.7,NA,NA,NA,32.2,16.8,12.1,55.870348,12.83008,43073,19.7,Municipalities in densely populated regions,Rural,20.8,239.9,Conservative,75,130,396.884359111276,25.5612564715715,12.8154528358833,0.325029600910083
0191,Sigtuna,214359,6.4,5.6,6.2,6,-0.2,1572,13,34.2,3014,85.5,45,57,47,34.7,39.2,13.2,59.619146,17.723419,43372,14.9,Commuter municipalities,Rural,11.8,166.1,Mixed,60,21,402.010513695472,25.5003227888961,12.3812597989486,4.03486120077469
1401,Härryda,184995,7,5.1,5.1,3.8,-1.3,1059,0.4,31.6,357,79.2,NA,NA,NA,16.6,9.3,7.8,57.691744,12.294416,50227,22.6,Suburbs to cities,City,6.4,76.5,Conservative,37,9,328.727576801322,29.9838732156012,12.1448623250443,0.895932466601629
1281,Lund,202153,3.1,2.7,4.3,4.1,-0.2,772,6.5,71.3,312,94.7,NA,NA,NA,22.9,10.7,3,55.70466,13.191007,114291,15.5,Larger towns,Town,8.5,219.6,Conservative,3,65,495.419586844108,20.8152872929627,12.0394431757531,0.726216412490922
1262,Lomma,261094,3.4,2.9,3.3,3,-0.3,325,10,63.5,330,95.7,47,63,54,9.7,6.7,3.7,55.670667,13.077576,22496,20.6,Suburbs to cities,City,3.6,24.2,Conservative,56,47,499.866642958748,30.5387624466572,11.8243243243243,0.711237553342817
0117,Österåker,241201,5.2,4.2,3.8,3.5,-0.3,773,4.6,40.4,283,86.8,30,46,45,16.3,13.2,9.2,59.481773,18.297938,40495,17.6,Suburbs to cities,City,5.6,62.6,Conservative,71,37,448.228176318064,28.7689838251636,10.4457340412397,6.42054574638844
0139,Upplands-Bro,222258,5.7,5.8,5.9,6.2,0.3,1048,8.9,35.2,392,90.2,41,53,46,28.7,26.9,13.3,59.509473,17.614412,24703,16,Suburbs to cities,City,8.9,160.3,Conservative,88,31,404.120956968789,25.6648990001214,9.99878557260252,4.29097680443671
1761,Hammarö,222546,9.8,8.9,7.4,6.2,-1.2,304,3.3,47.1,481,90.7,47,60,54,7.5,6.7,5.3,59.289306,13.517713,15136,18.1,Suburbs to larger towns,City,2.6,63.8,Mixed,96,70,532.042811839323,37.196088794926,9.84408033826639,3.63372093023256
1283,Helsingborg,198973,9.6,9.1,8.7,8.6,-0.0999999999999996,1441,4.9,39.2,124,95.6,40,60,48,26.6,19,9.2,56.046467,12.694512,132989,18.8,Larger towns,Town,15.7,211.9,Conservative,18,23,435.254043567513,24.603538638534,9.70005038010662,0.263179661475761
0181,Södertälje,195145,7.9,9.3,10,11.3,1.3,1461,7.5,32.9,320,91,31,49,44,43.3,21.6,16.9,59.195363,17.625689,91072,16,Larger towns,Town,77.3,239.6,Left-wing,38,199,377.108222066058,19.2045853829937,8.99288475052706,2.03135980323261
0187,Vaxholm,257450,2.1,2.1,2.9,2.4,-0.5,733,4.1,53,581,85.9,34,48,37,12.7,6.8,7.1,59.403297,18.32638,11188,18.1,Suburbs to cities,City,5,61.2,Conservative,50,118,422.059349302824,23.7754737218448,8.58062209510189,7.15051841258491
1481,Mölndal,230231,6.5,4.4,5.7,4.4,-1.3,762,3.6,50.1,3436,95.3,NA,NA,NA,17.8,14.3,6.8,57.65,12.016667,61978,16.1,Suburbs to cities,City,10.7,138.1,Conservative,5,35,436.945367711123,30.3817483623221,8.01897447481364,0.500177482332441
2463,Åsele,209246,12.9,10.9,11.9,11.2,-0.700000000000001,660,2.6,36.8,808,81.4,NA,NA,NA,12.9,9.9,12.1,64.160234,17.353615,39866,22.9,Sparsely populated municipalities,Rural,38.8,148.4,Left-wing,286,287,42.2665930868409,2.68399137109316,7.29945316811318,17.6591581799027
0136,Haninge,215441,5.8,6.5,5.5,6,0.5,1224,8,30.2,391,93.8,41,54,60,29.9,23.4,14.6,59.182724,18.151091,80932,15.3,Suburbs to cities,City,10.8,116.9,Conservative,29,87,364.058715959077,24.5514753126081,6.19038204912766,3.0148766866011
0481,Oxelösund,196820,11.7,11.7,7.6,8.1,0.5,965,2.1,26.3,192,97.1,38,51,45,19.4,12.4,11.7,58.670174,17.103733,11403,27.4,Manufacturing municipalities,Rural,11.7,149.5,Left-wing,152,134,484.433920898009,29.7290186792949,5.78795053933175,2.63088660878716
0162,Danderyd,304084,1.4,1.2,2.5,2.1,-0.4,407,4.4,73.5,597,99.9,53,67,64,18.7,10,3.3,59.407905,18.019075,32222,19.9,Suburbs to cities,City,4.9,48.7,Conservative,20,7,501.21035317485,14.958723853268,4.81037800260691,3.19657376947427
1231,Burlöv,193103,11.5,10.4,8.8,8.9,0.0999999999999996,1040,5.4,34.3,336,98,36,51,53,38,15.5,13,55.633333,13.1,17114,18,Suburbs to cities,City,21.1,167.6,Mixed,70,129,444.548323010401,25.3009232207549,4.49924038798644,0.17529508005142
1407,Öckerö,224409,5.8,5.4,4.6,3.5,-1.1,318,2.6,39.8,804,97.3,NA,NA,NA,5.3,6.4,8.7,57.711741,11.648789,12574,22.2,Suburbs to cities,City,1,43.5,Conservative,91,26,445.602035947193,40.6394146651821,4.05598854779704,3.89693017337363
0114,Upplands Väsby,221707,4.5,5.1,5.1,5.3,0.2,1296,8.4,35.9,82,97.7,41,54,42,32,18.5,11.7,59.51961,17.92834,41449,16.5,Suburbs to cities,City,19.5,107.1,Mixed,30,3,396.873265941277,22.9679847523463,4.00492171101836,3.16051050688798
1280,Malmö,178772,8.8,10.2,8.8,10.1,1.3,1437,9.2,52.7,980,99.5,NA,NA,NA,39.1,21,7,55.604981,13.003822,312994,15.4,Cities,City,25.3,212,Left-wing,25,91,357.847115280165,13.2111158680358,3.95215243742692,0.182112117165185
0160,Täby,272947,2.5,2.1,2.9,2.7,-0.2,587,6.5,59.8,11,99.6,NA,NA,NA,19.5,25.6,5.3,59.4419,18.07033,66292,19.1,Suburbs to cities,City,3.2,29.8,Conservative,11,12,427.743920835093,19.7007180353587,3.48458335847463,3.51475291136185
1402,Partille,231129,5.1,5.5,5.3,4.6,-0.7,669,6.9,47.2,238,99,40,58,46,18.9,10,7.4,57.761857,12.134718,36147,16.5,Suburbs to cities,City,6.3,141.6,Conservative,24,30,411.624754474784,24.815337372396,3.29211276177829,0.746949954353058
1480,Göteborg,202708,7.5,7.2,8,7.1,-0.9,1285,6.6,54.3,107,98.9,NA,NA,NA,28.9,34.1,6.3,57.70887,11.97456,533271,15.2,Cities,City,20.1,267.2,Left-wing,6,167,333.856519480714,16.2900288971274,3.26475656842393,0.459428695728813
0127,Botkyrka,192100,5.8,7.1,8.1,9.6,1.5,1584,9.4,33,953,97.4,37,52,48,51.6,22.1,15.3,59.245941,17.840858,87580,13.5,Suburbs to cities,City,24.8,163.6,Left-wing,41,159,316.487782598767,17.5953414021466,3.23133135419045,1.81548298698333
0186,Lidingö,262232,1.2,1.3,2.9,3.3,0.4,480,4.8,62.6,392,98.3,NA,NA,NA,19.3,9.3,5.3,59.36296,18.1468,45178,20.1,Suburbs to cities,City,8.7,119.1,Conservative,9,18,380.096507149498,15.9369604674842,3.16525742618088,2.74469874717783
0128,Salem,239408,4.9,4.1,4.3,4.4,0.100000000000001,694,5.4,40.9,450,98.8,49,61,61,21.5,18.3,13.5,59.2,17.766667,16001,17,Suburbs to cities,City,11.6,70,Conservative,95,56,380.601212424223,22.936066495844,3.12480469970627,3.24979688769452
0163,Sollentuna,251849,4.3,4,4.7,4.4,-0.3,842,9.7,54.8,362,99.9,NA,NA,NA,28.4,19,7.7,59.43911,17.94148,68145,15.4,Suburbs to cities,City,9.3,91.5,Conservative,17,2,424.095678332966,19.5025313669381,3.0523149167217,3.84474282779368
0182,Nacka,255022,3.2,3.2,4.2,4.2,0,719,10.2,55,59,98.8,46,61,54,23,17.9,6.9,59.307903,18.156042,94423,15.4,Suburbs to cities,City,6.2,74.8,Conservative,7,6,480.306704934179,20.2387130254281,2.94419791788018,2.71120383804793
0184,Solna,237650,3.4,3.3,4,4.2,0.2,1182,11.4,69.9,1499,100,34,51,44,33,18,5.9,59.368879,18.008433,72740,16,Suburbs to cities,City,7,205.1,Conservative,2,1,561.314270002749,13.9950508660984,2.66703326917789,2.99697552928238
0180,Stockholm,234360,3.8,4.2,5.3,5.4,0.100000000000001,1776,10.8,61.4,10,100,NA,NA,NA,28.5,32.3,6.5,59.329323,18.068581,897700,14.3,Cities,City,15.9,223,Conservative,1,22,359.089896401916,13.233819761613,2.62559875236716,1.91043778545171
0126,Huddinge,222313,4.2,4.6,5.9,5.9,0,1319,8.9,42.7,225,99.2,44,56,51,35.6,19.2,10.6,59.23633,17.982156,102557,13.1,Suburbs to cities,City,17.3,130.7,Conservative,9,103,347.874840332693,22.2900435855183,2.59367961231315,2.69118636465575
0123,Järfälla,227460,3.8,5,5.6,6.9,1.3,1105,7.5,42.3,0,99.8,43,58,55,33.3,14.1,11,59.410065,17.836804,69167,17.6,Suburbs to cities,City,18.7,110.8,Conservative,10,59,379.8053985282,19.517978226611,2.51565052698541,3.02167218471236
0138,Tyresö,239204,3.5,5.3,3.7,4.4,0.7,942,4.6,39.9,685,99.1,36,56,49,18.7,26,10.1,59.242595,18.283392,44281,16.6,Suburbs to cities,City,5.5,88.5,Conservative,35,43,370.971748605497,28.2513945032858,2.50671845712608,3.83911835776066
0183,Sundbyberg,223160,4.9,6,5.7,6.8,1.1,1384,18.1,52.9,421,100,NA,NA,NA,34.2,17.9,9,59.367047,17.966309,42626,13.1,Suburbs to cities,City,24.1,271.7,Mixed,14,17,271.688640735701,13.4894196030592,1.38413175057477,1.59527049218787
